Lon,Lat,SST,SSS,SSH,Chl,O2,Nppv,MLD,East,North,EKE,Up
148.1,35.04,21.06682417,34.5048044,0.602746497,1.005169868,232.0422058,27.87651634,35.73172421,0.574246522,1.02906243,0.694364277,-2.23E-07
148.1,35.29,21.00721825,34.44841851,0.461704595,0.900013924,231.4204254,21.79629898,32.39389992,0.53767296,1.366956645,1.07883134,4.16E-07
148.1,35.54,20.64389674,34.39829551,0.322191805,1.011832714,234.7390137,22.73503304,27.57616912,0.528216236,1.551805245,1.343555955,2.70E-07
148.1,35.79,20.02401182,34.34450489,0.173177306,0.867663443,241.9335632,18.1434803,21.33563137,0.512613893,1.574031684,1.370174373,2.29E-07
148.1,36.04,19.09737481,34.26768366,0.027284118,0.701112151,245.4632721,16.3958168,15.11392763,0.417108976,1.466882242,1.162861705,-2.85E-07
148.1,36.29,18.10048612,34.17366367,-0.082592906,0.788425267,244.7380219,19.73030281,12.93849055,0.218854023,1.314545545,0.887963537,-1.50E-06
148.1,36.54,18.11693086,34.15605757,-0.104548638,0.983167708,243.3729095,25.68408394,13.30732897,-0.125496072,1.300775018,0.853882456,-5.17E-07
148.1,36.79,19.20017115,34.24641842,-0.014217699,1.100550652,241.7864838,28.96323776,15.72466246,-0.386541943,1.479358051,1.168957458,7.32E-07
148.1,37.04,20.15380838,34.31510925,0.093181236,1.140618801,240.4611359,30.25670052,20.88577398,-0.261841287,1.591575808,1.300837206,4.14E-07
148.1,37.29,20.42369779,34.32908207,0.125581488,1.172958255,238.9024963,31.33318329,22.45948495,0.104684624,1.579907563,1.253533389,1.34E-07
148.1,37.54,20.21996413,34.3024008,0.06066702,1.181331635,237.2832489,31.30133629,21.28773181,0.454564525,1.489624951,1.2128057,3.35E-07
148.1,37.79,19.37290414,34.2536691,-0.031548653,1.022116631,236.3871384,28.07166386,18.07339986,0.50831155,1.269595755,0.935127007,-7.99E-07
148.1,38.04,18.60676172,34.1880756,-0.102069796,0.863678932,235.9230652,24.79527664,14.800894,0.412213672,0.929821968,0.517244502,2.21E-07
148.1,38.29,17.62909084,34.14874395,-0.14684935,0.825321555,235.1004181,23.06464195,12.20725589,-0.029029942,0.378163932,0.071925349,-1.97E-07
148.35,38.29,19.42488162,34.25255712,0.022539848,0.725590289,233.6281891,21.13519669,17.89292198,0.292586516,1.041507781,0.585172663,-1.98E-06
148.6,38.29,20.68346553,34.37147056,0.299996076,0.620331407,232.1646729,19.71497917,35.66587491,0.394469738,1.232121388,0.836864745,-1.35E-06
148.85,34.79,27.34430716,34.26509688,0.778566566,0.092602305,207.6586609,3.567166567,10.46302403,-0.295965095,0.029172627,0.04422319,3.00E-08
148.85,38.29,20.47666317,34.46746402,0.523506062,0.560642958,231.0979156,20.17881584,20.97551399,0.397026843,0.82411174,0.418395237,1.14E-06
149.1,34.79,27.35552767,34.23370277,0.81622943,0.092004299,207.5053711,3.459101439,10.46302414,-0.220986825,0.117770392,0.031352521,-2.24E-07
149.1,38.29,19.77345912,34.55320994,0.638229781,0.545953393,230.7649536,20.64341927,28.37143029,0.415307204,0.399940418,0.166216206,3.23E-07
149.1,38.54,19.84765371,34.54129283,0.577597446,0.530941069,230.8621216,20.04708099,31.3187561,0.321794555,0.321547657,0.103472316,7.74E-08
149.35,34.79,27.47350672,34.23582458,0.858668341,0.09230344,207.8736115,3.559034109,10.4631976,-0.18361559,0.105593134,0.022432297,7.31E-08
149.35,38.54,19.72557216,34.59443622,0.600106676,0.566696763,231.0506592,22.40104294,61.3685218,0.401269224,0.015573132,0.080629756,-6.25E-07
149.6,34.79,27.51179759,34.29181502,0.894909428,0.093374632,209.1666718,3.736302137,10.51250299,-0.164138993,0.063172438,0.015466183,1.93E-07
149.6,35.04,26.91125446,34.26609802,0.933379445,0.091962263,209.0404968,3.518433094,10.48426872,-0.222375762,0.036873477,0.025405316,-6.67E-07
149.6,38.54,20.21773126,34.62884606,0.552545865,0.621951342,231.6133881,25.49059677,43.84209315,0.517038339,-0.370731263,0.202385156,2.67E-07
149.6,38.79,21.37947125,34.77961392,0.420314895,0.664462686,233.5712433,25.66100121,39.41180335,0.699236658,-0.639844282,0.449166304,1.48E-06
149.85,35.04,26.8241077,34.25325775,0.955127656,0.091711447,210.1733398,3.553684235,10.46388753,-0.181189828,-0.003387958,0.016420616,2.92E-07
149.85,38.79,21.89737108,34.93994183,0.236658032,0.838524938,240.3727112,35.72462082,22.35757128,0.901166134,-1.052772217,0.960214872,3.16E-06
149.85,39.04,19.25467067,34.65634537,0.076026151,0.966594815,249.8473663,51.79943085,11.98055585,0.683505572,-0.879427175,0.620286011,-1.47E-06
150.1,35.04,27.02383741,34.32403607,0.977796548,0.091122597,210.59552,3.510563612,10.46302785,-0.167305819,0.032322811,0.014518001,2.92E-07
150.1,35.29,26.91818492,34.31976615,1.008877854,0.091171928,210.1382904,3.471726179,10.46866046,-0.184825922,0.058304917,0.018780042,-1.18E-08
150.1,35.54,26.71705225,34.28248045,1.035043054,0.106024742,208.9535217,4.448936939,10.59786171,-0.12449343,0.047105531,0.008858773,-5.01E-08
150.1,35.79,26.80001471,34.25249693,1.042509702,0.143109471,208.7266693,7.125340462,10.94437122,-0.049191461,0.065576894,0.003360064,2.51E-07
150.1,36.04,26.83306016,34.20736694,1.029270079,0.158990666,209.1918182,8.136973381,11.59330845,0.050688034,0.11369017,0.007747366,-5.18E-07
150.1,37.04,20.44338057,34.65215725,0.966728396,0.412908286,232.7238312,15.77966118,14.43915388,0.40669981,-0.150806172,0.094073618,-3.31E-07
150.1,37.29,19.93320105,34.53433524,0.887141367,0.501883388,231.4001617,21.54594994,14.31455506,0.364613497,-0.256790419,0.099442161,6.78E-07
150.1,37.54,19.61145443,34.58016544,0.805771258,0.552361488,232.1255493,23.08127213,15.19116508,0.521062351,-0.404891643,0.217721608,-7.22E-07
150.1,37.79,19.78114785,34.63110733,0.698942039,0.546841443,232.2646484,24.48275566,16.85437775,0.588944044,-0.583695193,0.343777583,-5.98E-07
150.1,38.04,20.33116489,34.61524412,0.574264579,0.533572495,232.8621521,24.84043121,21.149079,0.649356703,-0.762284643,0.501371002,-1.14E-06
150.1,38.54,21.77466393,34.93411128,0.189067642,0.880361259,241.4156342,37.90871429,19.74661647,1.053139448,-1.267479923,1.357804026,7.98E-07
150.1,38.79,18.02018091,34.42034573,-0.007499642,0.962974191,248.6308899,49.00959396,12.27412372,0.699211488,-1.020538251,0.765197513,-2.51E-06
150.1,39.04,16.11887762,34.16491021,-0.087811526,0.946079731,254.4616699,48.66850662,11.8944486,0.223697113,-0.535214527,0.168247494,-1.16E-06
150.35,35.79,26.987289,34.28812154,1.067989482,0.122465968,208.8934326,5.561433792,11.16685592,-0.038753227,0.106255319,0.006396003,5.43E-07
150.35,37.04,20.33189837,34.62337452,0.919393268,0.502913594,231.6718445,22.03888893,14.97467878,0.509467165,-0.318955039,0.180644554,-3.98E-07
150.35,38.04,21.97114118,34.82536613,0.379773993,0.677300036,237.8096008,30.20706749,22.0195375,0.876191537,-1.168195864,1.066196592,6.93E-07
150.35,38.29,21.6342676,34.87324821,0.160000814,0.771778703,242.2961273,35.02713013,12.05014579,0.985276229,-1.432325972,1.511163469,-1.57E-06
150.35,38.54,17.86929295,34.33638043,-0.034563093,0.93083635,247.8047333,42.90969276,11.4288347,0.636458112,-0.962276447,0.665527445,-2.46E-06
150.6,35.54,27.019477,34.34793981,1.111256586,0.090327784,209.8503723,3.425086737,10.49270757,-0.067241783,0.227004078,0.028026154,6.40E-07
150.6,35.79,27.06703801,34.32230038,1.111512211,0.09893059,209.5102692,3.833906651,10.85164759,-0.066141303,0.243310056,0.031787228,-5.96E-08
150.6,37.04,20.18823263,34.56227112,0.854560349,0.571425498,233.4605713,25.33433342,15.2945687,0.483212484,-0.341624422,0.175100775,2.74E-07
150.85,35.54,27.06567213,34.29626952,1.166400227,0.090472955,210.1956787,3.573031783,10.94290357,-0.042247506,0.297711686,0.04520855,-6.63E-08
150.85,37.04,20.24070379,34.54867427,0.775725491,0.591982484,235.4778595,25.87594032,16.22726048,0.646612419,-0.441968507,0.306721891,2.90E-07
151.1,35.29,26.9393834,34.34734556,1.181614571,0.092925385,210.5007629,3.966536999,10.46302414,-0.181434114,0.19670484,0.035805566,-7.61E-08
151.1,35.54,26.93803575,34.3671591,1.211409436,0.091561519,210.1222992,3.783311129,10.46302393,0.020308152,0.1285381,0.008467232,4.28E-08
151.1,37.04,20.32888858,34.56825892,0.657044742,0.580040753,236.3759918,25.13437843,15.65155008,0.862487561,-0.680930972,0.603775891,-1.94E-07
151.35,35.29,26.74820052,34.35705821,1.211900287,0.097056843,210.8656158,4.261031628,10.46307087,-0.159295452,-0.053710907,0.014129951,5.25E-07
151.35,37.04,20.52604315,34.59929403,0.507706344,0.545262575,236.7989044,23.00143242,12.77187284,0.974659284,-0.808686972,0.801967669,-7.13E-07
151.6,35.04,26.71730317,34.27980084,1.126553125,0.10148146,211.4717712,4.516893387,10.46302414,-0.524692423,-0.190929482,0.155878103,-6.43E-07
151.6,35.29,26.7130608,34.2205658,1.197153529,0.100323811,211.2921448,4.500013351,10.49196868,-0.063484889,-0.330291169,0.056561294,9.04E-07
151.6,36.79,20.43291198,34.56408056,0.567828937,0.499662071,235.5336456,21.4747448,14.08767329,0.676217788,-0.720430864,0.488145563,7.13E-07
151.6,37.04,21.49917539,34.77688768,0.347075401,0.503846467,237.6801605,21.51956367,12.24248791,1.115550432,-0.887731029,1.016259573,-1.50E-06
151.85,35.04,26.75535689,34.23375999,1.107483718,0.101139553,211.4684753,4.471022129,10.46305582,-0.402927927,-0.305139921,0.127730643,-3.18E-07
151.85,36.79,21.09508366,34.68995878,0.434621086,0.473527938,237.5914917,19.78544426,12.81125037,0.774080601,-0.758580135,0.587322299,-3.96E-07
151.85,37.04,21.93862343,34.89734014,0.184119703,0.497876108,239.7127228,21.20446587,11.8849909,1.188917968,-0.894769794,1.10706946,-1.22E-06
152.1,35.04,26.8363444,34.2159462,1.078250964,0.100809537,211.4383545,4.445191383,10.46298716,-0.30627485,-0.313391,0.096009101,-2.42E-07
152.1,35.29,26.83425268,34.07870229,1.109433002,0.098261036,210.977005,4.32472086,10.5712666,0.051938485,-0.351219707,0.063026444,1.22E-06
152.1,35.54,26.69552867,34.08095042,1.096676734,0.100726098,210.6792603,4.292962074,10.5162043,0.160943043,-0.399800026,0.092871362,-1.24E-07
152.1,35.79,26.37664159,34.07386102,1.026959611,0.130582139,210.8555756,5.7524786,10.9048784,0.473499689,-0.521934066,0.248308562,-2.72E-07
152.1,36.04,26.39065064,34.0836597,0.891683042,0.158071175,211.2318726,7.143965244,10.83100986,0.655665795,-0.68976138,0.452834198,-7.92E-07
152.1,37.04,21.07553238,34.80801625,0.031321697,0.477646232,242.5002518,19.63425922,10.95132648,1.119111508,-0.611070853,0.812909078,-1.58E-07
152.1,37.29,17.25072077,34.26202732,-0.235156791,0.511265576,246.7758942,17.5233326,10.46286435,0.545025157,-0.106851555,0.154234838,6.69E-07
152.1,37.54,17.50712056,34.31817627,-0.268448404,0.642638564,252.9564514,18.93151474,10.46564145,-0.14363408,0.142917064,0.020528018,5.12E-07
152.1,37.79,18.84042041,34.52164417,-0.213370628,0.703406274,254.7089539,21.00589371,10.6465524,-0.095303134,0.010064895,0.004591995,4.76E-07
152.1,38.04,16.60486899,34.34522883,-0.201350123,0.657116175,253.3348236,19.5213623,10.52161365,-0.103733154,-0.021715858,0.005616073,-3.64E-07
152.1,38.29,16.27077272,34.32651011,-0.149684563,0.643628836,252.9893341,19.1331768,10.46563541,-0.197675712,-0.020625954,0.019750558,1.71E-07
152.1,38.54,16.35094176,34.35363261,-0.103749158,0.649220645,253.2934113,20.0121727,10.46571509,-0.165001616,-0.04189929,0.014490542,5.03E-07
152.1,38.79,16.55551593,34.40178977,-0.065705706,0.686079979,253.8686218,22.99418068,10.5373319,-0.150073489,-0.07084281,0.013770378,1.06E-07
152.1,39.04,16.45700518,34.41423119,-0.028926484,0.765622616,257.0203247,30.99417877,10.53667969,-0.134413772,-0.096913627,0.013729657,3.60E-07
152.1,39.29,16.38774639,34.41670863,0.005232864,0.83529824,264.2938538,35.00837326,10.5003323,-0.140116396,-0.057332406,0.011459805,1.39E-07
152.1,39.54,16.2210101,34.3831465,0.034996406,0.834848702,264.2550659,36.28614807,10.46651724,-0.092071028,0.025056579,0.004552453,-2.81E-07
152.1,39.79,16.26463074,34.4303538,0.067130204,0.821432531,262.7202606,36.49106979,10.46325562,-0.07263606,0.109167693,0.008596791,-4.22E-07
152.1,40.04,16.14877563,34.42906019,0.098302774,0.807644427,263.0446167,34.7675972,10.64014541,-0.018015371,0.136079402,0.009421079,-1.03E-06
152.1,41.04,14.42251227,34.23068068,-0.10744881,0.832433641,270.2136841,29.00930595,13.9265302,0.308246763,0.439229624,0.143969365,-4.66E-08
152.35,36.04,26.25916502,34.04055532,0.763325989,0.163736165,212.0181885,7.352767467,11.54686377,0.862047997,-0.837376429,0.722163016,-1.99E-06
152.35,36.29,26.0645593,33.83417087,0.500672585,0.173905477,213.3639832,7.695213318,12.10507245,1.174938308,-1.286660592,1.517987753,-1.04E-06
152.35,40.04,16.23975976,34.40215768,0.140588531,0.798655033,265.7849426,32.43918228,10.46302372,-0.052636263,0.319934265,0.052564255,-1.14E-06
152.35,40.29,15.96655549,34.38662762,0.144772222,0.813914001,266.1158447,33.15667725,10.50034332,0.096063667,0.324981011,0.057420443,-4.54E-07
152.35,40.79,17.1316807,34.53263007,0.060489026,0.787845969,264.523056,25.38019753,21.7216541,0.316631588,0.299038262,0.094839722,-1.92E-07
152.35,41.04,16.60632706,34.50479168,-0.006049264,0.84227854,268.2299805,28.76313972,20.85160425,0.32007281,0.385535896,0.125542265,4.09E-07
152.35,41.29,15.91676606,34.43260786,-0.069067257,0.889285862,276.5747986,27.4560318,19.76049614,0.321356495,0.444239345,0.150309296,9.64E-07
152.6,36.29,25.6907532,33.73861186,0.27735087,0.168785535,214.5375671,7.443255901,11.04786221,1.222423772,-0.838446788,1.098656447,-1.13E-06
152.6,40.29,14.92124494,34.19732666,0.204686233,0.812830746,266.3599854,32.58852005,10.46302414,0.080948855,0.358678795,0.067601597,-3.82E-08
152.6,40.54,15.19558133,34.31089359,0.17371429,0.734946132,263.8113708,21.64209366,17.91635662,0.162441961,0.194804142,0.032168022,2.34E-07
152.6,40.79,16.33718597,34.46494548,0.116048281,0.734771013,263.8772583,20.55105209,20.25338936,0.233816874,0.179303596,0.043410055,3.11E-09
152.6,41.29,15.97915681,34.40081067,0.002064738,0.864814639,270.3422852,27.8804512,15.9243358,0.275909141,0.21863612,0.061963804,-2.89E-07
152.85,36.29,25.6271748,33.7564231,0.223564295,0.162936255,215.2548828,7.269871712,10.46856075,1.243282715,-0.254421319,0.805241059,-1.06E-06
152.85,36.54,24.58703295,33.9006691,0.008089183,0.158449203,218.2970123,7.074865341,10.46302425,0.492706064,-0.192357442,0.139880325,2.46E-07
152.85,40.29,13.91991096,34.11051517,0.256803534,0.845903456,266.8765564,32.96640778,10.46302414,0.076567784,0.262176736,0.037299633,1.51E-06
152.85,40.54,14.58546797,34.19312308,0.219449977,0.798195422,265.4355164,27.76592159,13.50152577,0.208732428,0.188478931,0.039546767,1.94E-07
152.85,41.29,15.88179768,34.35144424,0.047292195,0.8365134,265.7126465,26.92553711,14.68156306,0.210151558,0.133011227,0.030927832,1.47E-07
152.85,41.54,15.81269815,34.36413998,0.000860852,0.871304572,270.7941284,26.98496437,16.65428458,0.378288031,0.245002568,0.101564046,3.95E-07
153.1,36.54,24.36830796,34.00349172,-0.020280322,0.151927292,218.8222656,6.788950443,10.46302403,0.431841822,-0.121698366,0.100648926,-5.61E-07
153.1,40.29,12.90375148,34.1164661,0.267183817,0.799184024,265.8852539,25.52204514,15.62101131,-0.009894635,-0.092194644,0.004298878,3.60E-07
153.1,40.54,14.16741943,34.1530039,0.244704521,0.810602754,265.9133911,28.14940262,12.99609555,0.207254262,0.020850858,0.021694544,-6.00E-10
153.1,41.54,15.98617225,34.41276254,0.045339171,0.858867884,268.4013977,26.47233391,16.69424036,0.274812298,0.141512272,0.047773761,4.26E-09
153.35,36.54,24.78139814,33.99478107,-0.026055121,0.149159938,218.4999695,6.677650452,10.49308046,0.39639197,0.040465417,0.079382022,-9.45E-07
153.35,36.79,24.82404984,34.05766932,-0.073340088,0.138513863,219.7141266,6.053236485,10.46302425,0.129483768,-0.037055906,0.009069593,-4.19E-07
153.35,40.29,13.47575951,34.14313761,0.246476246,0.79171145,266.1377563,25.89372063,17.13052029,-0.040904651,-0.342855311,0.059611477,6.71E-07
153.35,40.54,14.54327446,34.13792843,0.237621637,0.857899904,267.0092773,33.28449631,10.46302403,0.19045902,-0.096875694,0.022829769,-3.98E-08
153.35,40.79,14.8359961,34.15156598,0.191508803,0.852422237,266.5303955,33.75942612,10.46302403,0.253495584,0.016699182,0.032269437,-1.48E-07
153.35,41.54,16.00444253,34.48729324,0.079513143,0.860531151,268.0019226,26.1889267,16.6983633,0.251004666,0.133631046,0.040430299,4.37E-07
153.35,41.79,15.73480701,34.39130105,-0.004739462,0.883694828,269.0940552,25.34089851,17.55869018,0.546598378,0.113239697,0.155796508,2.34E-07
153.6,36.79,24.77982076,33.90763855,-0.001823421,0.142661721,218.4564514,6.189900398,10.46302414,0.118940929,0.727648755,0.271809828,5.68E-07
153.6,40.04,14.54496023,34.17404811,0.185388188,0.82053262,265.2770996,28.56194878,16.54886002,-0.105809831,-0.264324763,0.04053165,-5.30E-08
153.6,40.29,14.38850413,34.18275579,0.197146098,0.78843838,266.000946,25.78112984,17.96766959,-0.031587562,-0.368594756,0.068429934,-4.50E-07
153.6,40.79,15.14710543,34.22356033,0.181901099,0.868985951,266.7243652,34.60268402,10.46302403,0.150075359,-0.007982503,0.011293167,-9.69E-07
153.6,41.79,15.70336299,34.40072462,0.01015824,0.872591913,265.9601746,24.54743958,19.02094396,0.518706507,0.012346535,0.134604439,-1.05E-06
153.85,36.79,25.7618849,33.79762861,0.25415473,0.145158663,216.4504852,6.190823078,10.46303325,0.257741926,1.333154228,0.921865548,1.61E-06
153.85,37.04,25.60465389,33.7808876,0.208887499,0.142745405,216.0131226,5.941327572,10.46304099,0.199913492,1.270814498,0.827467447,1.17E-06
153.85,40.04,15.17839824,34.20151181,0.164957174,0.821209788,264.2141724,28.2916832,16.45611742,-0.057795943,-0.186661679,0.019091477,4.77E-07
153.85,40.79,15.58141157,34.35628594,0.175441446,0.917434514,265.8639832,37.72219467,10.46304597,0.061146191,-0.023782869,0.002152241,7.23E-07
153.85,41.04,15.51942656,34.39011934,0.167466486,0.939493537,264.4934387,38.24325562,10.46302425,0.102489849,0.080695272,0.008507948,4.68E-07
153.85,41.79,16.00579702,34.4559466,0.054966795,0.92282173,264.5180206,32.48176575,15.33970112,0.23105391,0.23434482,0.054151702,-4.19E-08
153.85,42.04,16.59638935,34.5140898,0.060500425,0.991331458,266.1256104,40.31245804,10.71767659,0.076831162,0.319118066,0.053869684,-3.60E-07
154.1,35.04,20.65755102,34.55555979,0.589183013,0.154966608,231.7230988,5.291435242,16.43181684,-0.395339194,0.323639691,0.130517864,9.08E-08
154.1,35.79,20.50528632,34.6236958,0.746641748,0.176033676,232.9111633,6.499700069,21.34399499,-0.006206281,0.375600616,0.07055717,-4.48E-07
154.1,36.04,20.61447652,34.6481035,0.713941455,0.198261738,232.9424133,7.716839314,23.5755948,0.211501845,0.380017201,0.094573052,-4.25E-07
154.1,36.29,20.75659053,34.6339781,0.612243785,0.234881327,233.1745148,9.778619766,20.1545709,0.551843233,0.477586349,0.266309837,1.20E-07
154.1,36.54,21.47373348,34.77313868,0.444983406,0.252337128,234.0595856,11.00870609,17.77745639,0.619198746,0.315221684,0.241385899,1.44E-06
154.1,36.79,21.01798672,34.72890133,0.268254303,0.261571914,235.6819153,11.69279289,15.36557229,0.616405441,0.031841329,0.190484769,3.73E-07
154.1,37.04,22.94925308,34.14913411,0.293416771,0.206206486,226.6222382,8.995448828,12.10478841,0.341451663,0.489610006,0.178153598,4.91E-07
154.1,37.29,19.83620601,34.59025362,0.066586415,0.28433162,241.3656464,12.98241711,16.2273337,0.213182338,0.016781502,0.022864164,3.31E-07
154.1,37.54,19.42797809,34.53856744,-0.01650017,0.294274122,243.0803375,13.32365417,14.5087026,0.407022559,0.040127121,0.083638775,6.01E-08
154.1,37.79,17.04545021,34.19181951,-0.123326869,0.313632011,245.9304047,13.14223194,11.14727063,0.238862596,0.033054042,0.029073955,3.51E-07
154.1,38.04,16.34254477,34.11590576,-0.134302242,0.381017745,251.1533661,13.22230721,11.11883661,-0.068300106,0.055856737,0.00389244,-1.94E-07
154.1,38.29,16.38866488,34.12886683,-0.128759592,0.44838053,253.0639877,14.63300657,11.87971332,-0.106463587,-0.019926463,0.00586578,3.87E-07
154.1,38.54,16.48551793,34.23174498,-0.08684242,0.462622762,251.2481689,16.28547478,12.2707386,-0.226209611,-0.089209968,0.029564603,-3.14E-07
154.1,38.79,17.03179847,34.41988881,-0.044773577,0.550078094,251.0750885,21.96136856,13.34999837,-0.195555271,-0.117730665,0.026051187,7.74E-08
154.1,39.04,17.43073082,34.50898107,0.012980726,0.633100569,253.6448517,28.59546089,15.3192624,-0.297239724,-0.114472711,0.050727728,-1.43E-07
154.1,39.29,17.6534765,34.59395133,0.083263997,0.633074284,255.6500549,29.35022926,17.40164736,-0.178733656,-0.117855367,0.022917804,2.86E-07
154.1,39.54,15.33287038,34.15266164,0.099169668,0.745043635,260.9548645,31.97860718,15.43643453,-0.061986679,-0.061911655,0.003837701,5.57E-08
154.1,39.79,15.23165078,34.13584773,0.130177668,0.820893884,263.338623,32.71076965,15.61974515,-0.165623005,-0.136881677,0.023083787,-5.19E-07
154.1,40.04,15.54527113,34.2618938,0.147082516,0.817953706,262.1431885,29.8158474,17.15995301,-0.01473372,-0.252207675,0.031912897,2.52E-08
154.1,41.04,15.48019727,34.30303446,0.139158984,0.944473922,260.7859497,40.22250366,10.49662993,-0.007017446,-0.284168621,0.040400525,-7.61E-07
154.1,41.29,15.40467548,34.33892102,0.145160759,0.969977617,261.4710999,40.29823303,10.46302414,0.075295783,-0.100546274,0.007889504,-6.88E-08
154.1,41.54,15.44291125,34.35122002,0.129763612,0.988421381,262.1755981,40.84695435,10.46305678,0.117680699,0.044759032,0.007926059,1.85E-07
154.1,41.79,15.61505975,34.32947752,0.112869161,0.99556601,262.6630554,41.1782341,10.52020613,0.08740594,0.121279236,0.011174226,9.90E-08
154.1,42.04,15.7202993,34.31486554,0.102952263,1.006564498,263.2076416,41.04730225,10.6710222,0.090731788,0.165383427,0.017791968,7.51E-08
154.35,35.04,20.77644677,34.56553904,0.643481092,0.156010255,231.6093216,5.392271757,14.60704544,-0.372365043,0.450581089,0.170839521,-6.06E-07
154.35,35.79,20.74622133,34.64935303,0.821519223,0.193018183,233.0751343,6.945169449,22.94611168,-0.030515722,0.444803473,0.099390669,-9.85E-08
154.35,37.29,26.24384732,33.84209612,0.555698875,0.1366539,213.9771576,5.448691845,10.46299468,0.492387245,0.656000475,0.336390911,1.33E-07
154.6,35.04,20.78525363,34.56775962,0.722158041,0.167136133,231.5794373,5.593998194,14.52453677,-0.373983603,0.516959911,0.203555642,-9.22E-07
154.6,35.54,20.88874054,34.64511151,0.877469238,0.238875933,233.3088074,8.638705254,19.6902434,-0.239748403,0.475821747,0.141942816,-3.33E-07
154.6,35.79,20.62048191,34.65305795,0.906147725,0.244423226,233.6424255,8.973912239,21.19139502,-0.041455884,0.492971294,0.122369644,-7.64E-08
154.6,37.29,26.27247598,33.91830656,0.64853492,0.130226806,213.8143158,5.22386694,10.74895869,0.418265949,0.202860233,0.108049339,2.25E-07
154.85,34.79,20.7424469,34.53799778,0.722505861,0.157773256,231.2638855,5.303717136,12.89201673,-0.407737517,0.552290042,0.235637087,-8.53E-07
154.85,35.04,20.83778148,34.57048882,0.813157625,0.202122726,232.2273941,6.919121027,15.00637537,-0.40910492,0.545155812,0.232280847,-5.23E-07
154.85,35.29,20.92447684,34.59976196,0.893524018,0.230658278,233.4884796,8.475687981,16.36631902,-0.315872295,0.549629629,0.200934018,6.21E-09
154.85,35.54,20.33048164,34.61338001,0.955856396,0.286330789,234.7515259,11.22731018,16.2518567,-0.274506642,0.539083673,0.182982551,-3.12E-07
154.85,37.29,26.1714183,33.97873688,0.672975461,0.127015635,213.956665,5.142734051,11.25703335,0.368416409,-0.094527003,0.072333002,1.36E-07
154.85,37.54,26.09613673,33.88042026,0.56383627,0.136973217,214.4163513,5.468354702,10.73009766,0.719395571,-0.091189171,0.262922726,8.27E-07
155.1,34.79,20.84137789,34.55567847,0.817726718,0.184460521,231.6220245,6.281642914,13.05703184,-0.422684739,0.51234841,0.220581641,-3.40E-09
155.1,35.29,20.25645002,34.55207147,0.979099592,0.269667804,234.8343811,10.60759211,13.23684412,-0.377161332,0.480565209,0.186596795,-2.26E-07
155.1,35.54,19.93614896,34.56924227,1.037329568,0.315781206,235.6680298,12.56393814,14.56680393,-0.260520485,0.37205312,0.103147223,5.10E-08
155.1,37.54,25.89262878,33.86870999,0.524916338,0.141979203,214.8490295,5.642045498,10.62550524,0.737972604,-0.456460446,0.376479851,1.39E-06
155.35,34.79,20.84998406,34.54312134,0.894073718,0.237371683,232.4889679,8.716950417,11.83003245,-0.387934595,0.383183592,0.148661458,2.80E-08
155.35,35.29,20.00395075,34.53915172,1.038818333,0.269651957,235.0993576,10.66664553,13.52553087,-0.26166198,0.255916212,0.06698005,4.66E-07
155.35,37.54,25.45744536,33.85684374,0.421799892,0.148784041,216.2563934,5.941688061,10.97561179,0.696470718,-0.762257834,0.533054233,3.81E-07
155.35,37.79,24.9656478,33.88668103,0.283603824,0.154027581,218.5627289,6.106593609,11.20361529,0.670033707,-0.527503077,0.363602332,4.25E-07
155.6,34.79,20.32450167,34.4846539,0.953503887,0.282890558,233.5110474,10.94952297,11.35474014,-0.408325334,0.334794765,0.139408557,1.63E-07
155.6,35.04,19.97887336,34.50643328,1.017456286,0.271054685,234.7326355,10.74872684,11.64480803,-0.301271415,0.165663707,0.059104465,-7.59E-08
155.6,35.29,19.94367674,34.54742898,1.056093117,0.245435908,234.8197632,9.647031307,14.69426605,-0.151282718,0.05729624,0.01308466,-4.37E-07
155.6,37.79,23.52369097,33.89657084,0.172184501,0.157834932,223.5211639,6.17397213,11.08091545,0.331994784,-0.373931469,0.12502264,-6.70E-07
155.85,34.79,20.10314073,34.47789171,0.989795486,0.29366833,233.9875031,11.60409069,11.33591112,-0.256369748,0.149481143,0.04403503,-2.90E-07
155.85,35.04,20.06165822,34.49284066,1.025056707,0.257613301,234.4369507,10.23214817,12.86513657,-0.182191452,-0.012284592,0.016672318,9.29E-08
155.85,35.29,20.01701864,34.55395465,1.044057528,0.200656295,234.0841064,7.759651661,16.91736137,-0.076895418,-0.084158182,0.006497752,-1.60E-07
155.85,37.79,23.29002508,33.95554521,0.125940208,0.15878208,226.9494781,5.945329189,10.82910495,0.052778463,-0.13819661,0.010941935,-4.79E-07
155.85,38.04,19.86650032,34.04047818,0.021361395,0.276690982,240.130455,9.711229563,11.04064952,0.038448593,0.046580477,0.001824018,6.08E-07
155.85,38.29,17.12610796,34.20068656,-0.003252877,0.417638719,250.6497955,14.54239178,12.23585542,-0.167870166,0.33895549,0.071535608,4.65E-07
155.85,38.54,17.29640219,34.23144743,0.058332958,0.438985169,249.6614227,15.60038948,12.82442866,-0.137483707,0.358136992,0.073581937,6.63E-07
156.1,34.79,19.98322762,34.47028266,0.993085735,0.291811973,233.8840179,11.4690237,11.92258718,-0.121162966,-0.012682352,0.007420653,-7.01E-07
156.1,35.04,20.11400159,34.51316579,1.000926064,0.253812402,234.1284637,10.10791874,15.510172,-0.055134564,-0.185281872,0.018684596,2.29E-08
156.1,35.29,20.196153,34.62114928,0.985658632,0.19324851,233.766922,7.482933998,19.90467707,0.070296767,-0.368138096,0.070233647,3.23E-07
156.1,35.54,20.29920854,34.65489409,0.948531826,0.190629706,233.7523041,7.286436081,19.13057115,0.168874275,-0.514604357,0.146668082,1.99E-07
156.1,35.79,20.41712867,34.69003847,0.8961248,0.202021912,234.0987091,7.585222721,20.19533518,0.24352169,-0.635998468,0.231898432,-4.71E-07
156.1,36.04,20.50687281,34.70906025,0.830500861,0.208020136,234.2608337,7.713999748,22.32052485,0.336712586,-0.684432937,0.290911905,-5.06E-07
156.1,36.29,20.53872055,34.70370335,0.7548917,0.196132049,233.6880264,7.092166901,22.59382894,0.524610687,-0.613224111,0.325630091,8.21E-08
156.1,36.54,20.50591871,34.68826421,0.640580449,0.206608549,233.7088165,7.744049072,19.93235609,0.734442671,-0.468385021,0.379395282,5.25E-07
156.1,36.79,20.63425106,34.68068907,0.485604942,0.244118452,237.6035461,9.678342819,22.07026354,0.904600521,-0.360786647,0.474234553,4.70E-07
156.1,37.04,21.03776911,34.74699402,0.297653274,0.266890645,243.8454285,10.26983547,18.08352301,0.98356645,-0.217451767,0.507344116,1.06E-06
156.1,37.29,20.04633564,34.63466771,0.120362052,0.282566398,245.4853821,10.70751762,13.50327312,0.71280147,-0.06480444,0.256142775,1.92E-07
156.1,37.54,18.99219682,34.48409229,0.003966499,0.302660853,245.8907471,11.32647705,12.29067527,0.462141444,-0.069820257,0.109224791,-1.44E-07
156.1,37.79,16.84267044,34.16745461,-0.053418533,0.331190228,249.140976,11.50078487,11.32024458,0.097577705,0.093285434,0.00911179,-3.65E-07
156.1,38.04,19.86621475,34.06626723,0.048959808,0.289671548,240.6071091,10.37193656,10.86869944,-0.102242874,0.153728119,0.01704297,5.72E-07
156.1,38.79,16.44652854,34.41309484,0.144125538,0.489979714,250.8745728,17.68221283,12.92818896,0.041931075,0.134976378,0.009988419,-2.21E-07
156.1,39.04,15.96424209,34.37568453,0.149245734,0.603987575,254.2984772,24.82201004,13.89006148,0.095603207,0.031587074,0.005068858,-4.76E-07
156.1,39.29,16.17553488,34.44106971,0.152429099,0.604913116,255.7835388,24.58120537,17.33915753,0.082173983,0.011214023,0.003439159,-9.48E-07
156.1,39.54,17.19327651,34.61458545,0.14514739,0.577287495,257.3717346,22.47837257,24.38934326,0.18593636,-0.033383647,0.017843399,-3.18E-07
156.1,39.79,16.53271421,34.42576027,0.091114493,0.568921149,257.1616974,22.20868111,16.38304737,0.295025715,-0.14668995,0.054279057,-4.90E-07
156.1,40.04,15.83863004,34.19725206,0.022378851,0.63192904,257.8908997,26.36904907,13.68723541,0.313386493,-0.204742927,0.07006538,-1.09E-07
156.1,40.29,15.46958849,34.11472617,-0.034853266,0.639391541,262.7958374,25.06321907,12.97967635,0.248937888,-0.179260139,0.047052135,1.01E-06
156.1,40.54,14.31986904,34.19044791,-0.068236683,0.609690487,268.7199097,22.46888542,11.88347435,0.109048521,-0.124803929,0.0137338,-3.03E-07
156.1,40.79,13.79141786,34.17889574,-0.055703248,0.61331296,272.5802612,21.94882584,15.11522992,-0.032251549,-0.046223096,0.001588369,-8.95E-07
156.1,41.04,14.08307362,34.21727075,-0.030506329,0.612527966,272.0185547,21.79510689,13.46147908,-0.034895349,-0.093432892,0.004973695,3.06E-07
156.1,41.29,15.08731535,34.28720432,0.00772898,0.613833129,270.6283264,22.17066383,12.68090545,-0.135613344,-0.190504622,0.027341495,-1.51E-07
156.1,41.54,15.28063202,34.23538166,0.048903742,0.615243316,267.9870605,22.65259933,12.84411409,-0.042655984,-0.084832533,0.004508046,-1.04E-07
156.1,41.79,15.63690228,34.18843291,0.075656114,0.614226043,266.2859497,22.3494072,13.69447422,-0.047432483,-0.104672391,0.006603075,-2.63E-07
156.1,42.04,15.59035015,34.15815438,0.083378649,0.654913008,264.8220215,23.33424187,14.46170839,0.136479107,0.024293078,0.00960835,3.12E-07
156.1,42.29,15.29100672,34.08302434,0.035422385,0.747607708,260.488678,24.94989014,14.24945492,0.302133752,0.073746219,0.048361655,-6.27E-07
156.1,42.54,14.50347964,33.82760027,-0.082523893,0.756655812,261.12323,25.61938667,13.39898777,0.591237909,0.1785025,0.190712704,6.31E-08
156.1,42.79,13.29704444,33.44282807,-0.187411388,0.736810535,271.5525818,25.953969,12.33171945,0.232709224,0.174014304,0.042217281,1.37E-07
156.1,43.04,13.43266869,33.39230813,-0.194906486,0.685520768,283.3183289,22.78047752,11.33753777,-0.013170774,0.098099214,0.004898463,-2.55E-07
156.35,34.79,20.00645383,34.4793485,0.968239327,0.282632619,233.4415283,11.10618305,12.61795637,0.007328615,-0.157042039,0.012357955,-1.86E-07
156.35,35.54,20.57673793,34.6735861,0.802340594,0.192328185,233.6028595,7.480541706,19.58378156,0.275526287,-0.782719983,0.344282653,-4.00E-07
156.35,35.79,20.54033173,34.67577786,0.726940089,0.19851774,233.8086853,7.618762016,19.13973745,0.294834551,-0.933782564,0.479438645,-4.69E-07
156.35,38.04,22.34691747,34.01917945,0.107551051,0.184063539,230.3329468,7.180512428,11.44497278,-0.119301531,-0.030052477,0.007568003,2.68E-07
156.35,38.29,21.76132202,34.07201343,0.146230213,0.212936565,233.3368225,8.219524384,11.64575768,-0.22414445,0.058942366,0.026857469,2.68E-08
156.35,43.04,13.35407045,33.3934127,-0.159395845,0.687838674,278.4830627,23.62243843,11.32202519,0.003444535,0.149595762,0.011195378,2.44E-08
156.35,43.29,13.81997882,33.55084737,-0.127711431,0.671604514,276.8079834,24.04392242,11.24922445,-0.018263999,0.103360942,0.005508529,6.13E-07
156.6,34.79,20.09963947,34.50643031,0.910798874,0.270106971,233.2255554,10.66959858,13.11580287,0.201727083,-0.313511059,0.0694915,-7.15E-07
156.6,35.54,20.7354855,34.68198225,0.588593466,0.215302095,234.5690918,8.529010773,21.1647536,0.456548873,-1.181950039,0.802721384,-9.30E-07
156.6,38.29,21.12216949,34.11267387,0.151727335,0.206803024,232.7546539,8.005753517,10.53086037,-0.155113628,-0.114869,0.018627562,-8.73E-08
156.6,43.29,13.95450815,33.65250058,-0.106404023,0.668253124,278.3956604,23.50903702,11.16887379,0.106213202,0.044582267,0.006634411,3.62E-07
156.85,38.29,20.73800956,34.10168033,0.126673843,0.197775111,231.595993,7.704142094,10.5888105,-0.118105397,-0.224803632,0.032242779,6.85E-08
156.85,38.54,20.21422725,34.08926392,0.138411459,0.216237411,234.6539764,8.27767849,10.46302425,-0.06835133,-0.206785229,0.023716018,2.13E-07
156.85,43.29,13.45438512,33.77043915,-0.106814852,0.646106005,278.1264038,23.16600037,10.78157785,0.224729992,-0.059083714,0.026997227,-3.68E-07
156.85,43.54,13.21264818,33.64402813,-0.135546062,0.65438211,279.7290344,23.40661812,10.49561564,0.237039483,-0.058143641,0.0297842,-3.76E-07
157.1,35.79,22.25418833,34.29587597,0.410244445,0.247501716,232.1598969,9.896579742,15.43678771,0.760133955,-0.831963572,0.634983508,8.93E-07
157.1,36.04,21.76750141,34.38890627,0.252533224,0.245860979,236.1038361,9.585194588,11.83609295,0.665138132,-0.829060276,0.564874838,-3.16E-07
157.1,38.54,20.1731436,34.05406655,0.108332911,0.211025894,233.6206512,8.233605385,10.46236928,-0.033244092,-0.148915694,0.011640527,2.12E-07
157.1,43.54,13.06697506,33.74327977,-0.139982687,0.636681557,278.2880249,23.14893913,10.51591418,0.277685207,-0.038204123,0.039284315,-8.65E-07
157.35,35.54,22.18616274,34.29086939,0.379821254,0.24557358,230.9301453,9.800214767,15.21032015,0.792648011,-1.111467077,0.931824966,8.86E-07
157.35,35.79,21.51228333,34.4449624,0.195455425,0.247361705,233.8837585,9.747646332,11.95292483,0.793538703,-1.112142205,0.933281979,-4.18E-07
157.35,36.04,20.01725451,34.40680864,0.052519538,0.257399648,238.0285492,9.770633698,13.10858006,0.507997854,-0.864994976,0.503139064,-1.98E-06
157.35,38.54,20.85859977,34.07388094,0.097796506,0.19551155,231.6052856,7.599210739,10.65270042,-0.024750704,-0.039974809,0.001105291,3.39E-07
157.35,38.79,19.91167408,34.05127123,0.083746648,0.23247464,235.752182,9.120292664,10.46292263,0.057976843,-0.081609456,0.005010709,-2.24E-07
157.35,43.54,12.85543834,33.69040298,-0.155432638,0.63774395,279.1977234,22.69087601,10.5287714,0.335220142,-0.150169673,0.067461737,-8.75E-07
157.35,43.79,11.72187805,33.52938122,-0.221514559,0.632574081,284.5804443,22.08012962,10.77039019,0.290658034,-0.105157146,0.047770059,-6.14E-07
157.6,35.54,20.94778167,34.45124266,0.130803488,0.247150257,232.8512115,9.784365654,12.17062971,0.788125502,-1.16311825,0.986992935,-6.59E-07
157.6,36.04,19.4488571,34.28469806,-0.071201387,0.251027018,239.1590729,9.846747875,15.28300163,0.196026176,-0.437689241,0.114999067,-8.12E-07
157.6,38.79,20.60788472,34.15904321,0.087169781,0.219646275,233.6982727,8.501925468,11.08042834,0.094978034,0.023058891,0.00477627,1.26E-07
157.6,43.79,12.33215321,33.79340066,-0.230236803,0.564362228,292.6698914,18.05225182,10.631798,0.250891518,-0.061429835,0.033360089,-1.55E-07
157.85,35.29,20.48339653,34.46116384,0.107617506,0.246534303,232.7487488,9.664996147,13.64202203,0.730535921,-0.91034866,0.681208708,-2.93E-07
157.85,35.54,19.32061365,34.35477363,-0.04598011,0.250018418,235.4102478,9.356413841,14.572569,0.405766252,-0.485205104,0.200035122,-2.66E-07
157.85,36.04,19.64355342,34.29286109,-0.123264088,0.236490875,239.907486,9.488059998,12.74562041,0.05320765,-0.212057329,0.023899682,2.37E-07
157.85,38.79,22.26318592,34.14680905,0.103385917,0.176813722,229.8687744,6.493450642,14.65035333,0.110514902,0.046672495,0.007195933,-4.83E-07
157.85,39.04,20.86732801,34.19249598,0.07109276,0.286251158,237.3144073,11.39827538,11.96131643,0.092261946,0.025692271,0.00458618,-4.82E-08
157.85,43.79,11.81216409,33.68157578,-0.250010146,0.470341057,303.5455017,14.59473896,11.00347688,0.252274326,-0.148428895,0.042836736,-6.43E-07
157.85,44.04,9.629228804,32.81775792,-0.286456979,0.441569686,306.7227783,13.4230814,11.71695307,0.142419412,-0.02997009,0.010590748,-2.29E-07
158.1,35.04,20.72164663,34.52730009,0.176325629,0.24495545,232.5954285,9.44651413,14.25288041,0.75322524,-0.550920938,0.435431072,4.59E-07
158.1,35.29,19.68822945,34.43186866,0.001744861,0.248225182,235.2848663,9.261752129,14.47780842,0.445653564,-0.197267151,0.118760714,6.43E-07
158.1,35.54,19.24733247,34.35063129,-0.088584532,0.253286183,237.7101746,9.222269058,14.20813857,0.178775315,0.05742075,0.017628878,-3.99E-07
158.1,35.79,19.38688723,34.27524736,-0.12331515,0.266169071,239.9214935,9.668346405,14.70468044,0.064842345,0.137055564,0.011494379,-7.28E-07
158.1,36.04,19.38860798,34.27217907,-0.137359925,0.256296046,241.0030289,9.576375484,13.12757031,-0.004494531,0.103032212,0.005317919,-4.56E-07
158.1,36.29,19.24561342,34.36405267,-0.091928346,0.293398589,243.0619507,10.08845425,15.91800955,-0.259333646,0.193297882,0.052309006,-2.55E-07
158.1,36.54,19.47188144,34.45794508,-0.027927691,0.32674408,243.7966003,11.2480526,17.07182905,-0.231327519,0.247554963,0.05739794,7.02E-07
158.1,36.79,19.79737324,34.52005768,0.01900134,0.33941564,243.3813019,11.88545132,18.42560599,-0.202545792,0.33179362,0.075555902,7.16E-07
158.1,37.04,19.99062326,34.55588235,0.057509535,0.350507528,242.6473694,12.4597435,19.49978828,-0.167865505,0.393222097,0.091401223,8.47E-07
158.1,37.29,20.00197093,34.55013529,0.082453774,0.359825402,242.5948334,12.77383137,20.68677118,-0.107692164,0.389744288,0.081749106,5.23E-07
158.1,37.54,19.8383681,34.50712119,0.091347312,0.360317558,242.9287109,12.66646481,22.01088672,-0.050338232,0.358904713,0.065673265,9.85E-07
158.1,37.79,19.53244993,34.4337315,0.082953889,0.36145696,243.1991425,12.74510479,20.37224134,0.028283728,0.338694914,0.057757107,6.14E-07
158.1,38.04,18.41587003,34.35019557,0.051983255,0.346912682,243.3925934,12.12714005,17.4191619,0.070728328,0.275950945,0.04057571,-2.92E-07
158.1,38.29,18.22652626,34.27163951,0.027602292,0.303873032,242.217453,10.4536972,15.48511897,0.022893591,0.095140064,0.004787874,-4.94E-08
158.1,38.54,18.77176391,34.3053165,0.021786943,0.314855903,241.5217743,10.92244148,14.76176527,-0.10660585,0.005912271,0.005699881,2.97E-07
158.1,38.79,19.40614382,34.34979714,0.091688553,0.523122132,245.9787598,19.72522163,17.34654533,-0.481781628,0.062983588,0.118040235,-8.13E-07
158.1,39.04,19.93004559,34.25714196,0.158261636,0.472321004,244.1654205,18.50927671,16.60511709,-0.140319264,0.091057963,0.013990524,-3.67E-07
158.1,39.29,18.48280059,34.21584447,0.196958842,0.577064335,254.3132935,20.88141251,17.68516742,0.146251131,0.135730281,0.019906051,9.05E-07
158.1,39.54,16.83794361,34.27089903,0.108114227,0.594356596,256.1442566,21.85869408,16.38247331,0.371727558,0.057320184,0.07073349,3.74E-07
158.1,39.79,14.96864658,34.07200199,0.016902609,0.594608188,261.6085815,20.47218132,17.48905479,0.297787759,-0.065693394,0.046496586,-1.12E-08
158.1,40.04,13.84468873,33.96833505,-0.074226257,0.571607649,269.336731,18.51120567,17.56989966,0.272814431,0.014346337,0.037316766,4.47E-09
158.1,40.29,13.77937931,33.93164359,-0.113322286,0.560596108,273.7424316,17.94583511,18.62289556,-0.004239687,0.074296482,0.002768971,-2.92E-07
158.1,40.54,13.65337594,34.00497903,-0.093911094,0.541865706,274.3035278,17.84183502,16.50751728,-0.158325791,0.045865494,0.01358535,-1.75E-07
158.1,40.79,13.12520949,34.12364875,-0.054862799,0.516954422,274.3079834,17.86648369,14.19380177,-0.155995899,-0.020836825,0.012384447,-1.16E-07
158.1,41.04,12.88993475,34.0153177,-0.018709027,0.504120708,274.9214783,17.91986275,12.92753972,-0.120396628,-0.034257613,0.007834466,3.33E-07
158.1,41.29,13.0824284,33.85363854,-0.016405727,0.505550653,276.2969055,15.26805449,14.92414347,0.050481812,-0.018743977,0.001449875,-1.04E-07
158.1,41.54,13.74055979,34.00534439,-0.019320979,0.51342535,277.2242432,14.18587589,14.41176552,0.049649261,-0.052291485,0.002599724,-5.19E-09
158.1,41.79,13.77999889,34.1490309,-0.007210131,0.518526793,277.6929016,15.48743343,15.69536803,-0.008915755,-0.044116298,0.001012869,-2.90E-07
158.1,42.04,13.02907721,34.01737425,0.019094723,0.514390349,277.4951782,16.21774483,12.53712654,-0.086571067,-0.011854691,0.003817542,-1.37E-07
158.1,42.29,12.95006265,34.00779809,0.042486171,0.528336704,278.335144,16.34554863,12.18266763,0.053023783,-0.030226679,0.001862587,2.14E-07
158.1,42.54,13.62896856,33.9222836,0.02339157,0.555149913,275.7457886,17.29123497,11.11000538,0.125668363,-0.005985292,0.007914181,4.84E-08
158.1,43.04,13.30232885,33.91979493,-0.077225629,0.655033559,271.5016937,20.15949821,15.18183194,0.25541418,0.000720673,0.032618461,-6.80E-08
158.1,43.29,12.50216749,33.91588423,-0.174760972,0.619061947,280.2923584,17.29078102,15.36203893,0.319266842,-0.072122857,0.053566512,1.05E-06
158.1,43.54,11.45020008,33.61785041,-0.231585799,0.527546644,295.0553894,14.84611607,13.85288811,0.125491141,-0.202856427,0.028449378,-6.60E-07
158.1,43.79,10.10159079,33.04357359,-0.271737635,0.448037326,304.5968933,12.8652792,10.97843191,0.17258681,-0.196074562,0.03411572,4.30E-07
158.1,44.04,8.84176498,32.79210642,-0.299956815,0.444698051,306.4519196,13.0367713,11.33059602,0.113535251,-0.152570201,0.01808396,-1.72E-07
158.35,35.04,20.49257914,34.56651476,0.135145048,0.242170498,234.8205261,9.052179337,14.98373402,0.565400746,-0.041609856,0.160704692,2.65E-07
158.35,36.04,19.58569145,34.28654819,-0.088018438,0.227723002,240.0097198,8.829814911,10.47372754,-0.022769922,0.300133397,0.045299263,6.02E-08
158.35,39.04,22.90906228,34.10220761,0.104059809,0.188197136,230.420105,7.0795331,15.56320741,0.162358008,0.051005274,0.01448083,-4.82E-07
158.35,39.29,21.45461591,34.22190942,0.076662529,0.344555736,239.6484222,15.09919167,14.17342663,0.073300732,-0.03930984,0.00345913,-3.13E-07
158.35,42.54,13.20623546,33.88167996,0.023289357,0.530545712,279.1778259,16.4781723,11.27859677,0.099401362,-0.035384856,0.005566359,6.44E-07
158.35,42.79,13.81103484,33.8592559,-0.00417933,0.577034533,273.4094543,18.83718681,12.49922276,0.14324782,0.051896992,0.011606618,2.47E-08
158.35,43.04,13.49239137,33.90678533,-0.065265223,0.648646355,271.4542847,20.8098278,13.03992091,0.273155881,0.107475659,0.043082576,-1.36E-07
158.35,43.79,8.970925755,32.84880108,-0.291759819,0.452452749,304.2459717,12.89086914,10.93883228,0.19080447,-0.136276973,0.02748888,-2.51E-08
158.35,44.04,8.74133873,32.9633361,-0.32499668,0.463695884,304.3009949,13.4166975,12.40791596,0.064680919,-0.183005049,0.018837235,-5.75E-07
158.6,36.04,19.75006782,34.31476381,-0.000142889,0.206745252,238.3100128,8.026363373,10.7042018,-0.073717922,0.49666162,0.126053548,1.58E-07
158.6,39.29,21.85356447,34.24564743,0.081208407,0.318247154,238.003212,14.27469349,14.01351081,0.133221412,-0.035337463,0.009498341,-1.14E-08
158.85,35.79,20.03704834,34.47978295,0.109351853,0.186689213,234.7194977,7.412136078,12.18473074,-0.036096257,0.635062582,0.202303711,-3.42E-07
158.85,36.04,20.12704531,34.44549561,0.134463718,0.182116225,234.8226776,7.176680565,10.91886171,-0.190247405,0.767486685,0.312614943,-1.24E-06
158.85,39.29,22.40506914,34.24539736,0.087531089,0.243960977,233.4173279,10.34665585,13.99890645,0.20745295,-0.022721503,0.021776496,5.19E-08
158.85,39.54,19.90087912,34.12217882,0.035389065,0.435666114,241.08815,22.28430939,12.18459627,0.289609349,-0.068604367,0.044290067,-2.54E-07
159.1,35.54,21.01873843,34.61313629,0.26814848,0.184283525,232.385437,7.229046345,12.68622409,0.025984428,0.784724944,0.308234214,-5.57E-07
159.1,35.79,20.97783682,34.58923425,0.274502905,0.177183285,231.9940491,6.931105614,11.74112076,-0.195774384,0.910803146,0.43394499,2.22E-07
159.1,39.54,20.16177326,34.14846251,0.034639479,0.366774559,237.5547333,18.16848946,12.11972078,0.338596476,-0.045739834,0.058369853,-7.90E-08
159.35,35.54,21.94564438,34.65351825,0.458704501,0.167101517,230.8177185,6.393126011,16.50372887,-0.072241724,0.89660118,0.404556272,4.63E-08
159.35,35.79,22.03707822,34.66186142,0.491506355,0.163829297,230.6643372,6.268930912,15.9693434,-0.271183992,0.942546136,0.480966988,9.62E-07
159.35,39.54,20.88253636,34.21613524,0.043048135,0.270843178,233.7739258,11.3749485,12.54458502,0.358052356,0.015218019,0.064216539,-1.75E-07
159.35,39.79,19.01901648,33.97836685,-0.035123392,0.453689903,242.1837311,23.31416893,11.40990225,0.295444995,-0.048092008,0.044800293,-7.66E-07
159.6,35.29,21.96558105,34.68813027,0.61049019,0.183625057,231.3958893,6.841738701,17.01321485,-0.010191579,0.54407284,0.148059562,2.66E-07
159.6,35.54,21.92040401,34.69307115,0.619458834,0.216058806,232.5542297,8.218349457,17.62669902,-0.104167507,0.590308481,0.179657486,-8.40E-09
159.6,39.79,19.47397126,34.05230586,-0.021403987,0.430783302,240.5663452,20.81876373,11.99860965,0.35494808,0.032858773,0.063533919,-4.97E-07
159.85,35.04,21.3441391,34.6558999,0.676066379,0.255242527,235.021759,10.07053471,20.39127456,-0.098603129,0.200241825,0.024909683,-6.09E-07
159.85,35.29,21.25439941,34.66637505,0.690083239,0.27840355,235.2617798,10.90799999,22.40680843,-0.11245958,0.331729458,0.061345795,-5.96E-07
159.85,39.79,20.2247289,34.16046185,0.003064529,0.3849262,238.9606781,17.5334034,12.21364233,0.434159587,0.074459669,0.097019395,-2.47E-07
159.85,40.04,18.76517402,33.86012056,-0.080438034,0.438776642,248.7589264,20.68224907,11.53272957,0.27435934,-0.029737969,0.038078697,1.34E-07
160.1,35.04,21.13775274,34.65350596,0.707496312,0.283972174,235.9408569,11.08936596,20.11732737,-0.253644144,0.155527093,0.044262014,1.58E-07
160.1,35.29,21.22937245,34.70594618,0.741228978,0.292240798,235.3878479,11.36828709,18.81380664,-0.145309838,0.210656901,0.03274564,-1.14E-07
160.1,35.54,21.44099638,34.67458471,0.755771591,0.268331632,234.7441483,10.52164936,13.94750802,0.019562439,0.076962919,0.00315299,2.81E-07
160.1,35.79,21.44912423,34.57670932,0.761285716,0.234918058,234.5696259,9.307433128,12.59965028,-0.02688417,0.018257196,0.000528042,-4.20E-07
160.1,36.04,21.55330086,34.54207102,0.795862622,0.224688888,234.3699493,8.912755966,12.69011572,-0.151368077,-0.029101131,0.011879585,-1.48E-07
160.1,36.29,21.42540402,34.60298157,0.830575983,0.213244349,233.8409271,8.382733345,15.0974813,-0.083632842,-0.189364851,0.02142675,-3.85E-07
160.1,36.54,21.47010591,34.64076572,0.84417967,0.199362606,233.3148956,7.641001701,17.70029216,0.046017591,-0.349487715,0.062129641,-2.13E-07
160.1,36.79,21.43849479,34.59404331,0.820776926,0.178925797,232.5165253,6.718297958,17.88625675,0.253948023,-0.4861143,0.150398355,-1.04E-07
160.1,37.04,21.30400361,34.56151835,0.761432012,0.16821979,232.0712433,6.156106472,17.57712767,0.398647967,-0.525859806,0.217724369,2.90E-07
160.1,38.04,21.92868148,34.58128654,0.590120521,0.177882522,232.1642761,6.686832905,17.08185906,0.224306456,-0.692699267,0.26507283,-4.01E-07
160.1,38.29,21.79682647,34.56694667,0.529039588,0.182023957,232.8146515,6.800548077,17.08828407,0.350153062,-0.64763044,0.271016177,-8.87E-07
160.1,38.54,21.63413387,34.56227875,0.441587766,0.185320243,233.3402252,6.921940804,14.74533812,0.417207085,-0.484444122,0.20437393,-6.08E-07
160.1,38.79,21.59587627,34.59431118,0.346583651,0.19534117,234.3435364,7.337583542,15.35621781,0.419924544,-0.39057268,0.164441821,-2.56E-07
160.1,39.04,20.58490933,34.40885904,0.254813461,0.230955951,237.0729065,9.319847345,13.45915079,0.425294745,-0.516974717,0.224069239,2.82E-08
160.1,39.29,19.50768068,34.30201085,0.166816159,0.33952114,243.3832245,16.08433342,13.16347832,0.511707471,-0.481525007,0.246855434,3.30E-07
160.1,39.54,17.32355287,34.07754559,0.019315687,0.537359774,253.7294464,29.56892586,10.4744001,0.482979119,-0.262350495,0.151048306,1.89E-07
160.1,39.79,16.73419423,34.01139747,-0.081972282,0.557716727,261.7943115,27.89182854,10.45983558,0.214938071,-0.186880289,0.040561308,2.67E-07
160.1,40.04,17.63757165,33.91946665,-0.097154429,0.460239172,257.3475952,22.08918858,10.91862048,0.176357921,-0.044981799,0.016562739,6.99E-09
160.1,40.29,17.60823391,34.05591131,-0.10678852,0.45297428,264.9772034,20.88448779,11.58243197,-0.045044962,-0.010703704,0.001071809,1.58E-07
160.1,40.54,17.48793835,34.25438097,-0.084587848,0.46914044,270.2746582,21.65727425,12.00505182,-0.068677742,-0.043735583,0.003314717,1.93E-07
160.1,40.79,17.59868325,34.32526906,-0.069611857,0.459584206,269.1861267,20.92073822,12.57047844,-0.087890559,-0.024708876,0.004167639,2.35E-07
160.1,41.04,17.44422552,34.33231227,-0.047386905,0.450450808,267.8507385,20.58938217,13.08352015,-0.107098474,0.002730973,0.005738771,5.87E-08
160.1,42.04,17.49684164,34.22877418,-0.002327158,0.494581044,275.1506042,25.93525887,10.46302414,0.20027962,0.113277294,0.026471836,-8.29E-07
160.1,42.29,16.35461924,33.81747776,-0.058047815,0.537245512,277.3483276,26.67945671,10.46302414,0.086714036,0.027542988,0.00413897,-3.98E-07
160.1,42.54,16.36821493,33.86643389,-0.059247098,0.565200031,279.0531616,26.95530319,10.46302425,-0.057042191,-0.04526033,0.002651155,-3.00E-08
160.1,42.79,16.19560983,33.79220327,-0.046879385,0.599629283,277.7799377,27.72945213,10.46302403,-0.057475625,-0.084998175,0.005264069,-3.65E-07
160.1,43.04,15.83639505,33.57634989,-0.025262788,0.61838609,274.7680664,28.17757034,10.46302435,-0.136976715,-0.141306295,0.019365045,-4.73E-07
160.1,43.29,16.08674463,33.41226493,0.015565698,0.639657736,273.1831665,28.58309937,10.46302425,-0.108758207,-0.188418546,0.023664948,-3.83E-07
160.1,43.54,15.69114828,33.22866588,-0.019213268,0.639528513,274.6898346,27.68444538,10.48829953,0.263961992,-0.020966088,0.035057755,4.65E-08
160.1,43.79,14.53477902,33.04071511,-0.099994734,0.605410337,279.2923889,24.21915054,10.46315787,0.216605413,0.09603528,0.02807034,-2.78E-07
160.1,44.04,14.07753637,33.09582265,-0.14485815,0.580673218,282.566864,23.05135727,10.46302425,0.049419398,0.224333574,0.026383915,1.79E-07
160.1,44.29,14.2627892,33.15685611,-0.167357142,0.578450441,282.0810852,22.79699135,10.46302414,0.047224391,0.239660851,0.029833733,1.40E-07
160.1,44.54,14.70018027,33.22523965,-0.192052571,0.569633126,281.309906,22.3022995,10.46302403,0.0652604,0.135576854,0.011320002,1.61E-07
160.1,44.79,13.51930883,33.02031708,-0.216943973,0.541449368,282.8243713,21.05813789,10.46302393,0.030385202,0.045162332,0.001481448,-2.66E-07
160.1,45.04,12.95099237,32.95283,-0.23064216,0.507640421,284.8397522,20.07074928,10.46302403,0.010929152,0.075160166,0.002884248,-3.66E-07
160.35,37.04,21.40374883,34.52634854,0.645765093,0.183635235,232.5594025,6.703094959,18.37031153,0.420708756,-0.661954284,0.307589665,3.05E-08
160.35,38.04,21.8966092,34.65012699,0.453683784,0.222422048,235.3992767,8.422413826,15.26159032,0.155925261,-0.709463113,0.263825298,5.96E-08
160.35,40.29,19.69136937,33.98658583,-0.078700818,0.430734754,251.6604919,19.12799835,12.1517459,0.125953697,0.083025003,0.011378743,-1.50E-07
160.35,40.54,19.11314117,34.02626843,-0.091881622,0.418571532,254.3384552,18.19740868,11.84059768,0.082952282,0.047043686,0.004547095,-5.28E-07
160.35,41.04,17.55592897,34.34920968,-0.043370111,0.447668344,267.2337341,20.14744949,14.96130816,-0.120234202,0.061082668,0.009093678,2.12E-07
160.35,41.29,17.26062902,34.32983526,-0.021012612,0.437339157,264.5016174,19.8769989,14.27636517,-0.110068253,0.059773421,0.007843941,1.39E-07
160.35,42.04,17.51401456,34.2150828,-0.003877914,0.488203526,275.454071,25.18894577,10.46302414,0.227188185,-0.033218724,0.026358977,-1.04E-06
160.35,45.04,12.95518038,32.98138873,-0.224428224,0.486827508,285.1483459,19.54681301,10.46302425,-0.045061,0.092467691,0.005290384,2.12E-07
160.6,37.04,21.11903169,34.52399741,0.493562626,0.207454666,233.6390686,7.560459137,11.66723463,0.559664422,-0.92681549,0.586105609,-6.55E-07
160.6,38.04,20.73077371,34.42832735,0.29297761,0.375022113,244.0208282,16.30065155,12.54294417,0.138514499,-0.910070135,0.423706958,3.18E-07
160.6,40.54,19.50921652,34.02295812,-0.063539661,0.428291231,251.7455139,18.89625549,12.32796743,0.106424631,0.091292737,0.009830283,-5.48E-07
160.6,40.79,19.10631964,34.01856656,-0.060436441,0.414465517,250.9108124,18.15228081,11.91278489,0.006180274,0.057873198,0.001693751,-2.45E-07
160.6,41.29,17.06811227,34.30593618,-0.022304126,0.428936779,262.477478,19.59371758,14.23695427,-0.051545989,-0.015718859,0.001452036,3.70E-07
160.6,42.04,17.38815626,34.19500732,-0.009490086,0.479090959,275.3893433,24.16044998,10.46302425,0.156681042,0.017399575,0.012425847,5.81E-07
160.6,45.04,13.08084382,33.10992644,-0.212505819,0.456747621,287.9429016,18.32412338,10.46302414,-0.051627398,0.096991424,0.006036362,8.93E-08
160.85,37.04,19.17177497,34.36391068,0.327054769,0.273705333,237.4371338,10.62502098,10.66017416,0.403297646,-0.694762594,0.322672027,-6.07E-07
160.85,38.04,18.80814468,34.21126938,0.130791984,0.513460517,252.8571625,28.14274406,10.52133645,0.094443676,-0.652808762,0.217539444,-6.21E-07
160.85,40.79,19.1067365,34.02950986,-0.03978625,0.415318877,247.4905777,19.49909973,11.02798462,-0.017827896,0.064106102,0.002213713,-2.15E-07
160.85,41.04,18.67455313,34.2031907,-0.014441553,0.408106118,246.0886078,19.82124901,11.03212579,-0.04495755,0.045538462,0.002047466,-2.00E-07
160.85,41.29,17.09054269,34.29842589,-0.030322666,0.421153218,260.8427124,19.45067596,15.67784892,-0.04688097,0.012250254,0.001173947,2.70E-07
160.85,41.54,16.66551039,34.21311908,-0.017541744,0.422216982,261.9527588,19.27755165,14.81507768,-0.116765855,0.031176452,0.007303118,-9.50E-08
160.85,42.04,16.74137963,34.17465337,-0.009098876,0.450101256,273.2237549,22.49339104,10.46302403,0.025232429,-0.019017323,0.000499167,-4.27E-07
160.85,45.04,13.37687408,33.24475352,-0.20518963,0.444616705,289.5699768,18.07410812,10.46302414,-0.062733846,0.072839282,0.004620548,-1.92E-07
161.1,37.04,19.33102036,34.3913748,0.237260881,0.405237645,244.5570068,21.36111069,10.5432131,0.206899683,-0.377659215,0.092716981,-1.19E-07
161.1,38.04,18.04300563,34.19210095,0.03384037,0.490617782,258.1265564,25.10670471,10.62728066,-0.013541733,-0.330093639,0.054572594,-1.15E-06
161.1,41.04,18.73080826,34.23320092,0.005768088,0.382113338,245.1949615,19.38269424,10.96429327,-0.05596218,0.064851143,0.003668718,-3.77E-08
161.1,41.29,18.8463548,34.21021737,0.031662099,0.3958579,245.5254364,19.76341248,11.47514672,-0.052425066,0.134100023,0.010365602,4.21E-07
161.1,41.54,16.82377073,34.23609246,-0.006719824,0.412731498,260.2527161,19.21482849,16.28267966,-0.075211353,0.101314632,0.007960701,9.10E-08
161.1,42.29,16.5065475,34.17937469,-0.021643208,0.439216226,272.0672913,21.42329979,10.46302403,0.02975963,0.091072091,0.004589881,1.76E-07
161.1,45.04,13.55033323,33.32265006,-0.196809153,0.43474111,292.4624634,17.90046692,10.46302414,-0.082156002,0.096785153,0.008058487,-1.91E-07
161.35,37.04,19.58208678,34.43033854,0.182194253,0.512797475,252.7044067,32.27203369,10.4845705,0.188631755,-0.254931799,0.050286081,-2.58E-07
161.35,38.04,18.47515276,34.26394823,-0.005836731,0.475163519,257.5289307,24.01921844,10.9736521,-0.074960087,-0.161020192,0.015773258,4.19E-07
161.35,41.29,19.22722159,34.14344533,0.083429495,0.369489729,246.045929,18.79343033,10.83142991,-0.096407234,0.288858409,0.046366768,9.58E-07
161.35,41.54,17.08918847,34.29641936,0.014303456,0.407712787,259.5557861,19.13248634,17.06116613,0.017751813,0.131735833,0.008834728,4.81E-10
161.35,41.79,16.23454995,34.16954295,0.008891048,0.415620536,262.2286987,18.84115791,13.70823277,-0.068557013,0.045880799,0.003402556,3.15E-08
161.35,42.29,16.15941122,34.1841473,0.003875614,0.427819222,270.1917419,19.80131245,10.85857153,0.019624556,0.138420032,0.009772614,-3.24E-07
161.35,45.04,13.32100529,33.29472563,-0.186415498,0.432718813,294.2076416,17.7311821,10.46302414,-0.058071854,0.077804011,0.004712902,-7.85E-08
161.6,37.04,19.71920522,34.45221074,0.151626504,0.541079998,255.3059692,28.63655472,10.46302403,0.215376101,-0.150979751,0.034590875,2.96E-07
161.6,38.04,18.1971372,34.21798833,-0.027012751,0.491970301,257.0490723,24.92659569,11.32208909,-0.096718594,-0.090146594,0.008740447,-1.08E-06
161.6,41.29,19.28502019,34.36116833,0.148830371,0.353636205,246.4552307,18.22386932,11.27435239,-0.073075554,0.303107593,0.048607125,2.09E-07
161.6,41.54,19.25957595,34.42729865,0.156320855,0.373262793,248.8610229,19.14174461,12.47339556,0.234807265,0.187898977,0.045220239,-1.92E-07
161.6,41.79,16.44244862,34.20788235,0.018372542,0.408229828,260.7434998,18.80065346,14.04212104,0.003672086,0.056776636,0.001618535,4.31E-07
161.6,42.29,15.9203346,34.2582584,0.023159907,0.426900178,270.1983948,18.73657036,12.3861386,-0.048077025,0.10668307,0.006846339,2.28E-07
161.6,45.04,13.19589742,33.26343918,-0.178715434,0.433269233,294.7207642,17.6138401,10.46302425,-0.014015503,0.100437227,0.005142035,-1.13E-07
161.85,37.04,19.47655657,34.44317373,0.127467494,0.544567466,254.1663513,28.85861397,10.46302403,0.16224976,-0.153890592,0.025003649,2.52E-07
161.85,38.04,17.60164187,34.16618517,-0.024043634,0.492369518,252.073967,23.75839615,13.34231053,0.019035311,0.119530926,0.007324993,-5.48E-08
161.85,41.54,19.34205521,34.41712273,0.170757474,0.367618978,249.212204,19.17238235,12.57386112,0.367655847,-0.031225483,0.068072926,-5.17E-07
161.85,41.79,17.46021885,34.23840735,0.051019475,0.39051199,258.2081299,18.42678928,15.22931327,0.240564632,-0.054560418,0.030424091,-2.17E-07
161.85,42.29,15.29079056,34.24063365,0.032226798,0.425822049,271.5235291,18.40355492,12.09121725,-0.095835599,-0.078737265,0.007692009,1.14E-07
161.85,44.04,14.52075132,33.63753849,-0.066922548,0.44486627,284.7063599,17.81768608,11.43110742,0.119588152,0.180725979,0.023481603,3.52E-07
161.85,44.29,13.74906031,33.3962911,-0.096454838,0.441733658,286.6229858,17.5703125,10.52563212,0.00897283,0.054372825,0.001518458,-2.86E-07
161.85,44.54,14.1594962,33.45432578,-0.114295643,0.436665952,287.455719,17.51338005,10.45287482,0.082944486,0.028337128,0.00384139,3.23E-07
161.85,44.79,14.01873811,33.40187963,-0.151211952,0.434340417,288.8222961,17.48282814,10.46309302,0.099621223,0.069240906,0.007359346,4.08E-07
161.85,45.04,12.91233349,33.1480946,-0.166661284,0.428223789,296.0075989,17.31629372,10.46302425,0.002382271,0.076666118,0.002941684,-2.90E-07
162.1,35.04,20.85675663,34.4642974,0.236599803,0.33959657,237.5587921,14.20433331,10.51485486,0.110320895,0.02345335,0.00636038,6.32E-08
162.1,35.29,20.06821781,34.46204715,0.216841855,0.300915927,237.2710571,12.56506157,10.52998808,0.217167142,0.040878282,0.024416301,1.37E-07
162.1,35.54,19.66869312,34.46951675,0.176726081,0.343650281,240.7832336,13.65025997,10.642471,0.223713494,-0.056642875,0.026628071,-3.94E-07
162.1,35.79,19.59283151,34.48889965,0.139720306,0.379968554,242.7354279,14.7083025,10.92211745,0.199340327,-0.093805137,0.024267985,-2.52E-07
162.1,36.04,19.69637595,34.51359982,0.113729197,0.403466672,243.7609711,15.51060581,11.33151351,0.17998545,-0.087631766,0.020037044,-1.96E-07
162.1,36.29,19.4396233,34.52494812,0.087862319,0.467307389,245.8093109,19.44830513,11.67830118,0.13941871,-0.139081529,0.019390624,-8.70E-07
162.1,36.54,19.21759288,34.52711063,0.088785288,0.539317012,248.3218842,25.63666725,11.71807755,0.05590791,-0.215377082,0.024756491,-6.65E-07
162.1,36.79,19.05413734,34.50664944,0.0992817,0.565152526,250.1971436,28.75217819,11.80670653,0.100021329,-0.139764384,0.014769175,-1.63E-07
162.1,37.04,18.92184491,34.46911303,0.102837524,0.535420418,252.6220779,27.38573456,11.33304257,0.081978855,-0.143724321,0.013688607,-5.40E-07
162.1,38.04,17.47947396,34.19935947,0.027400409,0.464440823,246.7635345,22.23482895,14.4810186,0.080451577,0.401420285,0.083805351,-4.52E-07
162.1,39.04,19.10680898,34.25970629,0.043671001,0.390718997,246.3149414,18.67845345,18.33409246,0.022000102,0.352904671,0.062512856,-5.39E-07
162.1,39.29,19.18937429,34.27278561,0.051653882,0.392945528,247.30896,18.84596252,17.52374119,-0.096975044,0.297187337,0.048862236,9.47E-08
162.1,39.54,19.14092933,34.29556613,0.074182843,0.397571504,248.6668701,18.84345627,16.35435073,-0.099629232,0.296475559,0.048911871,2.09E-07
162.1,39.79,18.97854381,34.31662199,0.096918871,0.404474393,250.3352814,18.16923809,17.52245617,-0.123270096,0.403559547,0.089027912,2.66E-07
162.1,40.04,18.53006978,34.32016203,0.104402577,0.398920536,250.7754364,17.82671738,18.86731084,-0.028546359,0.43470033,0.094889636,6.01E-08
162.1,40.29,18.25129276,34.31495327,0.10094366,0.377152294,251.6282043,17.35787964,18.78685888,-0.061631078,0.353730592,0.064461861,9.31E-08
162.1,40.54,18.12672954,34.40532006,0.13530531,0.356100023,252.8088837,16.2884922,19.75326432,-0.294722762,0.277189232,0.081847688,2.75E-07
162.1,40.79,17.96208254,34.56450526,0.206521546,0.341394544,252.9143524,15.97289371,25.43467946,-0.275976828,0.171732007,0.052827546,3.44E-08
162.1,41.04,17.94902886,34.57866965,0.230312538,0.339604378,253.2028656,16.00738144,27.62245157,-0.003794571,0.035356501,0.00063224,1.28E-07
162.1,41.29,17.89023929,34.5387463,0.198694292,0.356268436,254.8865662,16.61215019,25.20448346,0.157668834,-0.014369186,0.012532967,1.16E-07
162.1,41.54,17.78486633,34.45149273,0.137669781,0.366975427,257.6212769,17.10978889,22.36826833,0.224803476,-0.015196123,0.025383762,-3.10E-08
162.1,41.79,17.07759727,34.27217038,0.051612873,0.379885294,259.1184959,17.6124258,15.2762514,0.201324042,-0.045432943,0.021297761,1.49E-07
162.1,42.04,15.39850871,34.11471547,0.015866266,0.388204284,263.3549767,17.67714024,13.58683652,0.043004074,-0.072165339,0.003528593,-2.38E-07
162.1,42.29,15.02494113,33.99885262,0.010765495,0.407737672,269.9417521,17.75908915,13.14623593,-0.0301931,-0.116769838,0.007273409,-3.14E-07
162.1,42.54,15.60536374,34.07638112,0.00805075,0.400432348,273.1070048,16.72548167,17.04386421,0.050113294,-0.16050549,0.014136677,-1.10E-07
162.1,42.79,15.40161583,34.14987924,0.020917229,0.408707798,276.1274872,16.57959986,20.54131873,-0.015586046,-0.15746478,0.012519041,-2.20E-07
162.1,43.04,15.57258791,34.16764196,0.035334038,0.407029226,272.0594482,16.82510567,20.52869966,-0.03047705,-0.052760874,0.00185628,-1.62E-07
162.1,43.29,15.82471,34.1901243,0.027055053,0.417479739,270.3155365,17.21079636,17.5698079,0.101578876,0.090561783,0.009259852,8.44E-08
162.1,43.54,15.72624498,34.09480498,-0.008685053,0.436335087,272.7875366,17.47008324,17.59412305,0.133822569,0.133633644,0.017883215,3.67E-08
162.1,43.79,15.07549035,33.84621627,-0.026647188,0.453317056,276.1259664,17.9202048,15.40641562,0.050527415,0.112633849,0.007619702,1.11E-07
162.1,44.04,14.75267431,33.81700134,-0.054367483,0.45385313,276.4186401,17.27053738,16.94141653,0.112420131,0.119496347,0.013458831,3.91E-07
162.1,45.04,12.66027938,32.98830668,-0.162637568,0.42207095,297.0622864,16.94739723,10.46302425,0.007411128,0.068044805,0.00234251,-3.27E-07
162.35,35.04,21.0473619,34.42341656,0.249085747,0.344437882,237.4689102,14.22178078,11.40817902,0.219249523,0.112823538,0.030399752,2.16E-08
162.35,38.04,18.14203368,34.35713323,0.124776291,0.387042105,246.2541656,18.49119186,15.93330977,0.03610149,0.450944947,0.102327331,1.22E-07
162.35,39.04,19.51721213,34.33448325,0.134075286,0.370993644,244.8508148,17.79306602,17.46995778,0.039391498,0.554509103,0.154516018,-3.36E-07
162.35,42.04,15.52639951,34.20712747,-0.002578763,0.440047771,275.9691772,18.09373283,14.42453236,-0.067723066,0.0171547,0.002440349,-3.85E-07
162.35,42.29,14.49932098,34.01814991,-0.004393299,0.448076516,282.1753845,18.19832039,10.50727738,-0.043454564,-0.013356814,0.001033352,-6.94E-08
162.35,44.04,14.91137505,33.84615368,-0.052528511,0.433101922,273.372345,15.86615944,22.969578,0.096983162,0.015071511,0.004816442,9.47E-08
162.35,44.29,14.42318323,33.69010671,-0.080677531,0.415781289,275.3479614,15.21666241,20.89534632,0.113180765,0.010991466,0.006465349,8.28E-08
162.6,35.04,21.28587765,34.3871833,0.284779973,0.334134966,237.1486359,13.63296795,10.77059131,0.341756763,0.180269655,0.074647417,7.42E-07
162.6,38.04,18.61296018,34.43093745,0.185433134,0.382688612,246.8297424,18.83652115,17.42995877,-0.04348372,0.194616828,0.019883272,7.02E-07
162.6,39.04,19.2021514,34.36363178,0.235243706,0.379250228,244.3223267,17.48612785,16.12853273,0.037066823,0.471921719,0.112042029,-3.98E-07
162.6,42.04,15.55838797,34.21696981,0.012634888,0.446591347,278.6119385,17.82876205,14.42950747,0.00378525,0.064526956,0.002089028,5.47E-07
162.6,42.29,14.45291858,34.0565745,-0.000542978,0.449388281,285.4678497,17.51583195,11.39237738,0.025204264,-0.003627579,0.000324207,2.51E-07
162.6,42.54,13.71914058,33.86315325,-0.015204303,0.455179751,288.1974487,17.46730614,10.79919147,-0.026224286,-0.03552888,0.000975007,-3.13E-07
162.6,44.29,14.30017673,33.81396908,-0.078157778,0.415665746,275.0532532,14.89014721,23.68417104,0.064437602,-0.054662485,0.003570096,-4.48E-07
162.85,35.04,21.55817583,34.3775533,0.32341622,0.310316712,236.9689331,12.6445055,10.90341939,0.374166767,0.170567882,0.084547086,6.04E-07
162.85,38.04,17.97685454,34.33638763,0.217864739,0.393189609,246.7465515,19.61128426,17.29364946,-0.10413275,0.186197867,0.022756638,1.79E-07
162.85,39.04,18.55024486,34.24287457,0.305472,0.382687151,246.1098938,18.73764992,15.34237819,0.030047453,0.337898304,0.057539057,1.01E-07
162.85,42.29,13.90326797,33.964937,-0.004709699,0.442890972,285.8737793,17.16887474,10.72539647,0.032989294,-0.078288539,0.003608694,-3.42E-07
162.85,42.54,13.68152555,33.90242683,-0.014777666,0.437787354,289.3493347,16.63418007,11.58794604,-0.02043959,-0.026696958,0.000565252,-8.59E-08
162.85,44.29,13.49897247,33.80098724,-0.069023939,0.416209072,273.712677,14.84554482,21.75716739,0.08445657,0.07297396,0.006229056,-4.14E-07
162.85,44.54,13.96010145,33.73528756,-0.087988039,0.41660884,274.3414001,14.56364727,20.43869697,0.156682916,0.000314553,0.012274818,-1.72E-07
163.1,35.04,21.79350959,34.38589096,0.35767389,0.270813137,235.7616425,11.17576218,10.98607084,0.414253563,0.138491993,0.095393023,3.95E-07
163.1,38.04,17.96621238,34.33314175,0.260076526,0.400701255,246.5061188,20.08801651,16.98326789,-0.206913582,0.28564898,0.062204285,-7.37E-08
163.1,39.04,18.43483437,34.19520103,0.35860818,0.355396599,249.1652527,16.59877777,15.22859054,0.108853682,0.290889442,0.048232896,2.30E-07
163.1,42.54,13.30524498,33.80595228,-0.024438609,0.41827181,289.6941528,15.61603832,11.01660411,-0.008945621,-0.155091849,0.012066753,3.15E-07
163.1,44.54,13.72041363,33.75626882,-0.061865533,0.415310681,271.6270599,14.40456963,19.83702723,0.238760471,0.016863927,0.028645477,-1.84E-07
163.35,35.04,21.80471887,34.39663442,0.389593492,0.234246865,234.428894,9.670202255,11.11077362,0.422144446,0.116979837,0.095945108,6.29E-07
163.35,38.04,18.24957254,34.35647202,0.313339998,0.398333669,246.7261047,20.02849579,17.98730977,-0.253639006,0.210966885,0.054419886,4.89E-07
163.35,39.04,18.27667512,34.19783529,0.395157582,0.342053026,251.0554657,15.83688068,15.71828143,0.181977095,0.171274952,0.031225386,-1.38E-07
163.35,42.54,12.601543,33.62304348,-0.047937884,0.411030591,289.8602295,14.93927765,11.10987526,-0.007161726,-0.138561198,0.009625248,1.00E-07
163.35,44.54,13.5989133,33.77089734,-0.041219927,0.412429839,270.2796326,14.31420708,19.72754288,0.30169892,-0.01296234,0.04559513,-3.03E-07
163.35,44.79,13.63371987,33.54464934,-0.111647979,0.412074029,272.227356,13.91960239,20.44916598,0.319126917,-0.013936476,0.051018107,-1.50E-07
163.6,35.04,21.66880099,34.39509413,0.419763204,0.204873398,233.0234528,8.370349884,11.23758507,0.341195358,0.099745212,0.06318169,-2.60E-07
163.6,38.04,17.93579801,34.24660534,0.340066112,0.385138243,248.3224335,19.33688164,18.29318682,-0.258739167,0.081303184,0.036778082,-1.75E-07
163.6,39.04,18.06552039,34.19367727,0.402044959,0.337814659,252.0241547,15.62151718,16.94852066,0.215760087,0.004912957,0.023288276,-7.14E-08
163.6,44.79,13.496537,33.54611799,-0.108911447,0.412571371,271.280426,13.84044075,19.67335807,0.318633719,-0.018388136,0.050932785,-2.23E-08
163.85,35.04,21.54038069,34.46118376,0.454113238,0.188668981,232.0486603,7.777562141,11.10881509,0.162693501,0.164424167,0.026752241,-8.36E-07
163.85,38.04,17.59645271,34.18099637,0.356701642,0.370182782,250.0510864,18.37504768,18.03209262,-0.336296618,0.041904993,0.057425722,-8.54E-08
163.85,39.04,17.99100897,34.21356731,0.37902101,0.333880723,251.9627991,15.6041913,17.16787206,0.216291409,-0.132623733,0.032185514,-4.92E-07
163.85,42.04,13.99037986,33.60482322,-0.060410401,0.390124738,272.1484985,11.56663132,15.78495895,0.14610543,-0.017627055,0.010828755,-8.44E-07
163.85,42.29,14.01420191,33.58579593,-0.039582974,0.403098553,279.0664063,10.85128212,14.15413125,-0.101403959,0.071358938,0.00768743,1.72E-07
163.85,42.54,13.99599107,33.80788252,0.010703545,0.398135155,283.6609192,10.16409588,14.46281518,-0.078834232,0.135561487,0.012295876,-2.71E-07
163.85,42.79,13.15764999,33.68546083,0.044821651,0.388822347,286.4829102,9.594859123,13.57088407,-0.008923362,0.185023957,0.017156745,-3.45E-08
163.85,43.04,12.64475695,33.59693866,0.063373291,0.3857463,285.8654785,9.988696098,17.70758247,0.031278777,0.069389926,0.002896662,-9.10E-08
163.85,44.79,13.41746097,33.56906213,-0.106690274,0.414403737,271.800354,13.71396351,18.3635807,0.326446626,-0.033848897,0.053856574,1.90E-07
163.85,45.04,11.93406529,33.28581195,-0.176649584,0.401480108,279.1295776,12.86393452,17.43229845,0.308395869,-0.068094602,0.049872443,-1.43E-08
164.1,35.04,21.97244538,34.56716961,0.508656412,0.179410473,231.4872437,7.424581051,11.76396963,-0.037757247,0.285996308,0.041609749,7.26E-08
164.1,35.29,21.91633097,34.57884301,0.518676486,0.18798542,232.1806183,7.667260647,12.16453669,0.037260963,0.479979604,0.1158844,1.93E-07
164.1,35.54,21.64025837,34.5566775,0.502577831,0.197556809,232.9125519,8.038915634,11.97804451,0.172662677,0.626913653,0.211416564,1.65E-07
164.1,35.79,21.33098835,34.49642817,0.459139546,0.209678724,233.6846161,8.488142014,11.45887174,0.288710669,0.736926039,0.313206919,6.46E-07
164.1,36.04,20.97029135,34.44345178,0.387168944,0.234125197,234.9022522,9.466732979,11.08205477,0.41328664,0.827841593,0.428063775,9.56E-07
164.1,36.29,20.53507275,34.43215476,0.284799096,0.264719009,236.5649414,10.5982933,11.49769709,0.479957054,0.848899629,0.475494677,1.38E-06
164.1,36.54,20.08143806,34.40091324,0.190227871,0.302148044,238.2544556,11.71461582,14.31124253,0.355961008,0.660357628,0.281390218,5.26E-07
164.1,36.79,19.93930255,34.32039452,0.136444005,0.317675278,238.7103119,11.9242816,16.09008996,0.173832777,0.372838454,0.084613174,-7.06E-08
164.1,37.04,19.92875883,34.30532413,0.118200426,0.342507839,239.5871124,12.73763371,15.10608419,-0.009931529,0.132033344,0.00876572,5.41E-08
164.1,37.29,19.74066374,34.34471809,0.136868266,0.364070326,241.9774017,13.92258072,13.65431478,-0.071556889,0.145190054,0.01310027,2.20E-07
164.1,37.54,19.2126024,34.3567098,0.18111572,0.345895469,243.0473633,13.20725918,15.25445037,-0.281054023,0.125699263,0.047395834,-4.05E-08
164.1,37.79,18.2776485,34.33019341,0.279444901,0.431326926,244.4288177,19.49146652,16.42647552,-0.3990626,0.021842929,0.079864036,5.89E-08
164.1,38.04,17.48124568,34.16791068,0.363866293,0.360168904,251.3024597,17.51995087,18.0624911,-0.362349467,-0.020397782,0.065856603,-3.13E-07
164.1,39.04,18.10655933,34.31972037,0.332744996,0.335997105,251.5750427,15.67801571,14.95917606,0.182500983,-0.215466683,0.03986625,1.69E-07
164.1,39.29,18.24772962,34.41412989,0.284195079,0.344562173,251.1639099,15.72945118,15.40639337,0.203092479,-0.201473397,0.040919042,3.08E-07
164.1,39.54,18.20968437,34.44266044,0.232239945,0.352348506,251.3060455,16.10023499,14.86494107,0.221704478,-0.204764204,0.045540627,3.33E-07
164.1,39.79,17.73106554,34.43725544,0.181565606,0.35233739,252.063324,15.82509708,12.54121219,0.198944289,-0.195687307,0.038936176,4.07E-08
164.1,40.04,17.44341087,34.45794847,0.143935958,0.349372357,254.7372284,15.35919571,16.64868302,0.149501949,-0.17833486,0.027077077,-9.19E-08
164.1,40.29,17.39635701,34.47134823,0.093121584,0.357567459,261.0631104,16.18729782,13.45782704,0.266115359,-0.211807311,0.057839861,1.60E-07
164.1,40.54,16.19960531,34.33823395,0.036500771,0.37713927,268.196106,16.79646111,12.92272451,0.131258315,-0.050196047,0.009874194,-1.56E-07
164.1,40.79,16.09679837,34.28432465,0.024325951,0.380353659,270.7805176,16.77602005,14.44181283,0.00596533,0.040855336,0.000852372,1.42E-07
164.1,41.04,15.86989747,34.25333892,0.024363623,0.378629655,271.0696411,14.46798038,14.20590676,0.05780285,0.034195166,0.002255239,2.47E-07
164.1,41.29,15.41164843,34.19750383,0.01304741,0.37256223,269.4587097,11.35570335,17.720541,0.105754237,-0.003924649,0.005599681,6.77E-08
164.1,41.54,15.33078649,34.1886567,-0.00116754,0.372505039,268.934082,11.26280117,16.58518102,0.121266998,0.011126591,0.007414743,4.74E-08
164.1,41.79,14.2825701,33.7044966,-0.035144928,0.383912414,272.0005188,11.80832481,15.5924778,0.230451239,0.043327841,0.027492538,-4.22E-07
164.1,42.04,14.06007714,33.57828861,-0.073408658,0.399526954,277.6635742,11.8955183,14.4915745,0.121781699,0.059777161,0.009202046,-3.25E-07
164.1,42.79,13.17464468,33.75641081,0.043321979,0.391903043,287.9382935,10.38869286,13.6223934,-0.035064883,0.067168851,0.0028706,1.08E-08
164.1,43.04,13.10554345,33.73107974,0.058273972,0.398437977,287.5905762,10.07832193,16.18023899,0.033264526,0.007138541,0.000578744,-3.01E-07
164.1,44.04,13.89518208,34.10537783,0.037028191,0.409619138,282.7983093,10.53362083,22.09293514,0.15341261,-0.014539251,0.011873409,-8.91E-08
164.1,44.29,14.06382391,33.98757892,0.003626547,0.425397903,282.4699402,11.43400669,20.57457309,0.189820563,-0.04814194,0.019174746,-2.17E-07
164.1,45.04,11.71155612,33.23510657,-0.183673321,0.403854638,277.5294189,12.93157196,16.93640444,0.302268998,-0.054641194,0.047176104,-2.54E-07
164.1,45.29,10.69465362,32.97835117,-0.224369417,0.36482963,292.9746094,10.89619255,15.14256901,0.138077002,0.033764189,0.010102639,-1.04E-07
164.35,45.29,10.96372424,32.99405289,-0.203889875,0.37379536,289.8430786,11.255476,14.32430564,0.130829169,0.049359481,0.009776315,-1.18E-07
