Depth,2022,2023,2024
10.497798,-62.80720893,-63.26249286,-69.06439399
11.501935,-64.22238567,-63.79709383,-68.67652741
12.506072,-64.98832473,-64.24711506,-67.79648012
13.51021,-65.27534476,-65.84788122,-67.55750057
14.49609,-65.65097111,-64.58398143,-67.47713752
15.500227,-66.2487258,-64.63633987,-66.62142023
16.504364,-67.04188704,-63.96183292,-67.14073013
17.490244,-67.18480489,-65.16638985,-68.4057341
18.494382,-67.11873237,-66.46348908,-69.02071593
19.498519,-66.95731364,-65.99029009,-69.42390031
20.502656,-67.04792732,-68.25691796,-69.66447877
21.506793,-67.01667415,-68.93253325,-69.60694016
22.492673,-66.73295884,-68.81710567,-69.60752458
23.496811,-66.49999733,-68.76378671,-69.70497073
24.500948,-66.63849627,-68.78178046,-69.47814585
25.505085,-66.68908795,-68.73947988,-69.11975999
26.509222,-66.98305891,-68.6908126,-68.97642663
27.495102,-67.02149544,-68.61286739,-69.02955959
28.499239,-67.10966439,-68.47394563,-68.92681076
29.503377,-67.04105486,-68.56685872,-68.94889818
30.489257,-67.12460945,-68.61741627,-68.90860449
31.493394,-67.30373557,-68.52352856,-69.04551647
32.497531,-67.50797733,-68.47254084,-68.97238162
33.501668,-67.53400917,-68.40650241,-68.93084209
34.505806,-67.59628049,-68.26290534,-68.83554919
35.491686,-67.64114743,-68.13503581,-68.66058626
36.495823,-67.6737753,-68.12606783,-68.53366179
37.49996,-67.76005763,-68.16458391,-68.51043576
38.504097,-67.87429809,-68.24443958,-68.43987515
39.508235,-68.07345494,-68.25777143,-68.45709458
40.494115,-68.29686394,-68.35517731,-68.44061417
41.498252,-68.48598845,-68.4598816,-68.41280569
42.502389,-68.62853073,-68.45356766,-68.40273003
43.506526,-68.76054681,-68.5196597,-68.37392942
44.510664,-68.94910235,-68.54404436,-68.41391235
45.496544,-69.1410956,-68.60025357,-68.43983411
46.500681,-69.29922784,-68.65981853,-68.50627926
47.504818,-69.44107225,-68.69557088,-68.58681112
48.490698,-69.56426953,-68.70182454,-68.65842745
49.494836,-69.68947688,-68.75089957,-68.68730994
50.498973,-69.85204184,-68.76456291,-68.67924195
51.50311,-69.96900643,-68.83495799,-68.73957417
52.507247,-70.05123814,-68.88874155,-68.77427243
53.493127,-70.16046738,-69.00176763,-68.8251784
54.497264,-70.25202187,-69.13498753,-68.81020716
55.501402,-70.36529013,-69.19089777,-68.79040939
56.505539,-70.45201643,-69.2981241,-68.73673585
57.509676,-70.5522301,-69.35147977,-68.75330454
58.495556,-70.67248296,-69.50700358,-68.77363129
59.499693,-70.81368332,-69.67740053,-68.84538097
60.503831,-70.95538499,-69.76138795,-68.9113095
61.489711,-71.05752967,-69.89774434,-68.95918778
62.493848,-71.16029175,-69.98954788,-69.01762482
63.497985,-71.23676231,-70.03981901,-69.09421342
64.502122,-71.35036005,-70.04567741,-69.16037762
65.50626,-71.47275364,-70.15701586,-69.30769059
66.49214,-71.61765164,-70.20973007,-69.42659937
67.496277,-71.74616801,-70.24807806,-69.54729542
68.500414,-71.86515066,-70.38622103,-69.63278285
69.504551,-71.97910648,-70.48704419,-69.72587926
70.508689,-72.07132145,-70.54470945,-69.86401284
71.494569,-72.14142623,-70.56342488,-69.99694119
72.498706,-72.18845438,-70.6420953,-70.1691379
73.502843,-72.29051716,-70.66801654,-70.36023445
74.50698,-72.42384731,-70.66938938,-70.57606138
75.511118,-72.59011985,-70.68652435,-70.75997844
76.496998,-72.7339109,-70.76278346,-70.94849859
77.501135,-72.88208621,-70.8064197,-71.09166295
78.505272,-72.98938351,-70.93052927,-71.25905545
79.491152,-73.04656569,-71.05211915,-71.39266516
80.495289,-73.11934792,-71.19256929,-71.5575329
81.499427,-73.20250366,-71.34619932,-71.73019408
82.503564,-73.28628326,-71.52488303,-71.90141306
83.507701,-73.33971475,-71.63534821,-72.05359077
84.493581,-73.4077543,-71.73441996,-72.20906178
85.497718,-73.45716115,-71.85098805,-72.36466103
86.501856,-73.49926926,-71.95319562,-72.51559249
87.505993,-73.53135803,-72.05514801,-72.62422521
88.51013,-73.54791347,-72.15641463,-72.77261614
89.49601,-73.58961343,-72.27057381,-72.86937247
90.500147,-73.5037433,-72.34144658,-72.95213073
91.504285,-73.49519275,-72.42386042,-73.07792647
92.490165,-73.34729319,-72.46849542,-73.22608242
93.494302,-73.35438579,-72.60365087,-73.32508488
94.498439,-73.30211996,-72.6906274,-73.35420522
95.502576,-73.49964545,-72.78026857,-73.53839664
96.506714,-73.42481558,-72.88989533,-73.66437912
97.492594,-73.60807704,-72.97749327,-73.74080191
98.496731,-73.66893876,-73.05911405,-73.84488423
99.500868,-73.7237471,-73.10824406,-73.96612591
100.505005,-73.73488215,-73.13470115,-74.00430991
101.509143,-73.87953171,-73.19212491,-74.06475593
102.495023,-73.8887389,-73.20422073,-74.04485713
103.49916,-73.92636429,-73.23113582,-74.23540265
104.503297,-73.95034864,-73.25192117,-74.32530436
105.489177,-73.94986801,-73.2976188,-74.43516029
106.493314,-74.00527326,-73.27258414,-74.48598506
107.497452,-74.0635513,-73.2985229,-74.53103628
108.501589,-74.09666113,-73.34337647,-74.6099819
109.505726,-74.10790334,-73.33574576,-74.65425255
110.491606,-74.11784663,-73.3538584,-74.68409351
111.495743,-74.12197172,-73.32829726,-74.70010566
112.499881,-74.12546103,-73.31582148,-74.75397229
113.504018,-74.11651748,-73.2781313,-74.70580742
114.508155,-74.12877482,-73.26675043,-74.74257087
115.494035,-74.1209004,-73.20109828,-74.77952787
116.498172,-74.09895629,-73.06178958,-74.82355239
117.50231,-74.08676854,-73.21380089,-74.84250821
118.506447,-74.07989543,-73.20328466,-74.86480127
119.510584,-74.04545189,-73.15968484,-74.84525656
120.496464,-74.02968614,-73.1131101,-74.85383299
121.500601,-74.00599107,-73.13078848,-74.83350921
122.504739,-73.99818277,-73.16697063,-74.85688475
123.490619,-73.99019248,-73.17258004,-74.88548792
124.494756,-73.96497958,-73.1341356,-74.86167853
125.498893,-73.95434878,-73.14097302,-74.83792681
126.50303,-73.95793359,-73.1331653,-74.87664649
127.507168,-73.94736031,-73.08038624,-74.84883152
128.493048,-73.94469082,-73.06041539,-74.85257852
129.497185,-73.91801918,-73.05243534,-74.85458341
130.501322,-73.8849099,-73.06046211,-74.80318983
131.505459,-73.89854397,-73.08861136,-74.87203856
132.509597,-73.89330083,-73.11686594,-74.93929205
133.495477,-73.8835113,-73.17271219,-74.95064073
134.499614,-73.85233466,-73.20257356,-74.96048555
135.503751,-73.85482825,-73.2385443,-74.94567684
136.489631,-73.8533701,-73.24172639,-74.97048693
137.493768,-73.85609375,-73.34647673,-75.02700475
138.497906,-73.87702306,-73.39332525,-75.04994023
139.502043,-73.90311255,-73.43600582,-75.06402453
140.50618,-73.91872167,-73.46928475,-75.06003724
141.49206,-73.9420773,-73.50413809,-75.07710213
142.496197,-73.91703096,-73.50095949,-75.08934982
143.500335,-73.85721103,-73.53720046,-75.04291101
144.504472,-73.91629437,-73.55819823,-75.04738179
145.508609,-73.83401067,-73.60887898,-75.09002548
146.494489,-73.45153155,-73.59806941,-75.10756507
147.498626,-73.40652811,-73.65980037,-75.14765208
148.502764,-72.2756642,-73.65680636,-75.10618234
149.506901,-73.34288997,-73.65315346,-75.10006904
150.511038,-72.9807765,-73.75170343,-75.12880749
151.496918,-72.77333959,-73.8592431,-75.13814056
152.501055,-73.07086042,-73.95807625,-75.11181442
153.505193,-73.23922808,-74.05640499,-75.11651645
154.491073,-72.8333064,-74.12552596,-75.12470973
155.49521,-72.41320924,-74.25659704,-75.14699386
156.499347,-72.82705039,-74.34186046,-75.13351548
157.503484,-72.96070179,-74.40984836,-75.16312104
158.507622,-73.56806689,-74.47238976,-75.19367299
159.493502,-73.31646709,-74.54572648,-75.18081937
160.497639,-73.42278736,-74.61200285,-75.23676775
161.501776,-73.92814575,-74.66860132,-75.26077044
162.505913,-73.9536472,-74.75108677,-75.27166509
163.510051,-74.0192315,-74.85794617,-75.27561103
164.495931,-74.03250416,-74.84159541,-75.29326411
165.500068,-74.05325147,-74.91608723,-75.303798
166.504205,-74.06800066,-75.00626298,-75.30651832
167.490085,-74.0953939,-75.07378121,-75.32229102
168.494222,-74.10776194,-75.14110082,-75.31178117
169.49836,-74.09775374,-75.14794222,-75.31566839
170.502497,-74.10087945,-75.25106505,-75.30362684
171.506634,-74.09108529,-75.2744299,-75.30290856
172.492514,-74.08795925,-75.29120431,-75.30562257
173.496651,-74.0931588,-75.33528343,-75.30381006
174.500789,-74.08935638,-75.36774965,-75.26298527
175.504926,-74.08998074,-75.38498153,-75.24445479
176.509063,-74.09836375,-75.41070214,-75.25947749
177.494943,-74.0976811,-75.43127847,-75.21223157
178.49908,-74.08654213,-75.43032275,-75.21610146
179.503218,-74.07883003,-75.45522129,-75.19666122
180.489098,-74.07574399,-75.43163146,-75.16257441
181.493235,-74.09480571,-75.42067625,-75.08985129
182.497372,-74.06799748,-75.40781294,-75.06517907
183.501509,-74.06205976,-75.36702518,-75.06991002
184.505647,-74.04211254,-75.33632361,-75.03998566
185.491527,-74.04096883,-75.21892291,-75.07235152
186.495664,-74.04172107,-75.37695889,-75.06945782
187.499801,-74.01199351,-75.47741886,-75.04846508
188.503938,-73.99724965,-75.48829595,-75.01062678
189.508076,-74.00778417,-75.47314468,-75.02696201
190.493956,-73.98866473,-75.41771698,-75.00792116
191.498093,-73.96751427,-75.46023025,-74.97289034
192.50223,-73.92668665,-75.51487378,-75.0030776
193.506367,-73.94311276,-75.49482478,-74.9560777
194.510504,-73.93477977,-75.40859762,-74.96968083
195.496385,-73.93795736,-75.18000342,-74.89220938
196.500522,-73.92991359,-75.42756963,-74.97705589
197.504659,-73.83231179,-75.39987894,-74.99359577
198.490539,-73.64188751,-75.30962486,-74.98661094
199.494676,-73.56339451,-75.3993694,-74.97786127
200.498814,-73.31427804,-75.42422048,-75.08170431
201.502951,-73.36468713,-75.41429984,-75.03556769
202.507088,-73.5536197,-75.44651195,-75.08990233
203.492968,-73.61989697,-75.43475364,-75.07087264
204.497105,-73.73137452,-75.46418885,-75.08820978
205.501243,-73.78564402,-75.48463916,-75.10860866
206.50538,-73.8014292,-75.4562439,-75.0832774
207.509517,-73.78858144,-75.44602801,-75.07754728
208.495397,-73.78295633,-75.44929391,-75.11784042
209.499534,-73.7717225,-75.41678498,-75.14627995
210.503672,-73.73174319,-75.42326719,-75.16014822
211.489552,-73.66115795,-75.40497908,-75.14998931
212.493689,-73.66257217,-75.38583325,-75.11197511
213.497826,-73.63864156,-75.36485872,-75.10157668
214.501963,-73.64634773,-75.3567133,-75.16108517
215.506101,-73.58664578,-75.32642521,-75.17030326
216.491981,-73.60422584,-75.30266973,-75.22311375
217.496118,-73.59034709,-75.2984464,-75.2708453
218.500255,-73.57103815,-75.29459914,-75.29826852
219.504392,-73.54870494,-75.23839285,-75.28961057
220.508529,-73.52415177,-75.1781664,-75.32316107
221.49441,-73.50243199,-75.15349208,-75.31951724
222.498547,-73.47939388,-75.13201689,-75.33058813
223.502684,-73.43381144,-75.09603588,-75.29596239
224.506821,-73.40111205,-75.08601826,-75.31398212
225.510958,-73.36363345,-75.03899775,-75.27237109
226.496839,-73.3291091,-75.02034998,-75.33868604
227.500976,-73.29376283,-75.01909531,-75.3318184
228.505113,-73.23698195,-74.98751996,-75.33288165
229.490993,-73.20371795,-74.9508489,-75.3258318
230.49513,-73.15667483,-74.91981246,-75.33407862
231.499268,-73.11955286,-74.86624574,-75.32267124
232.503405,-73.0711407,-74.84483716,-75.29059174
233.507542,-73.05091983,-74.80150303,-75.2556919
234.493422,-73.00900927,-74.7785461,-75.23421388
235.497559,-72.96791717,-74.77022781,-75.2399224
236.501697,-72.93671807,-74.7166982,-75.19226878
237.505834,-72.88264383,-74.68964434,-75.13333448
238.509971,-72.83672179,-74.66460024,-75.10401117
239.495851,-72.76615218,-74.63880419,-75.04514165
240.499988,-72.71570608,-74.60194516,-75.06396204
241.504126,-72.66355999,-74.56727002,-75.04247151
242.490006,-72.61357799,-74.52971214,-74.99666569
243.494143,-72.52828521,-74.48515573,-74.97982372
244.49828,-72.45811437,-74.4611988,-74.97558174
245.502417,-72.4027916,-74.42718421,-74.92778108
246.506554,-72.35189096,-74.39633119,-74.91199749
247.492435,-72.32488001,-74.35960679,-74.81459596
248.496572,-72.30613949,-74.30343377,-74.82900894
249.500709,-72.27515022,-74.23544173,-74.79207657
250.504846,-72.2147401,-74.15831322,-74.76857547
251.508983,-72.15952756,-74.07473876,-74.68970452
252.494864,-72.12576433,-74.05136508,-74.69238044
253.499001,-72.06062115,-73.98927189,-74.65949207
254.503138,-72.01721614,-73.92787492,-74.59251496
255.489018,-71.92977928,-73.85693872,-74.56587879
256.493155,-71.86215766,-73.86454602,-74.56367147
257.497293,-71.80081318,-73.79571628,-74.51553246
258.50143,-71.73880318,-73.76680839,-74.46779079
259.505567,-71.71229945,-73.71913994,-74.43808089
260.491447,-71.65206536,-73.6666841,-74.43055628
261.495584,-71.57270578,-73.60952672,-74.39779387
262.499722,-71.49598004,-73.52346878,-74.35348864
263.503859,-71.40622192,-73.45309177,-74.31970754
264.507996,-71.31958663,-73.39755188,-74.29590885
265.493876,-71.26818546,-73.32094091,-74.2703227
266.498013,-71.23633501,-73.24792804,-74.22070577
267.502151,-71.01614441,-73.17689049,-74.1794413
268.506288,-70.85406975,-73.12852821,-74.15056126
269.510425,-70.58030682,-73.06206751,-74.10232365
270.496305,-70.53260925,-72.99741225,-74.04627105
271.500442,-70.64368115,-72.92380365,-74.02877759
272.504579,-70.59183416,-72.87129811,-74.02368919
273.49046,-70.55246442,-72.8230871,-73.98748579
274.494597,-70.56800499,-72.75979547,-73.96273809
275.498734,-70.6227311,-72.7074336,-73.91911587
276.502871,-70.50133184,-72.63478235,-73.87100018
277.507008,-70.60981965,-72.57963278,-73.81303225
278.492889,-70.64618275,-72.51639266,-73.76604211
279.497026,-70.73734115,-72.47466306,-73.68468126
280.501163,-70.72057587,-72.41853333,-73.64415936
281.5053,-70.67711563,-72.38647233,-73.59122138
282.509437,-70.64749813,-72.32677478,-73.56119019
283.495318,-70.5815097,-72.27536091,-73.49428073
284.499455,-70.54163388,-72.23110369,-73.41345603
285.503592,-70.49729337,-72.18476773,-73.41940385
286.489472,-70.43855134,-72.11914392,-73.34198991
287.493609,-70.39907137,-72.06030023,-73.34221424
288.497747,-70.30968586,-71.98564767,-73.27853041
289.501884,-70.25119488,-71.90486759,-73.22706438
290.506021,-70.18978017,-71.82383512,-73.16948315
291.491901,-70.14581514,-71.73800202,-73.10104394
292.496038,-70.11358052,-71.65924144,-73.01250851
293.500176,-70.06084539,-71.57539847,-72.94543638
294.504313,-69.9941889,-71.49138703,-72.86942902
295.50845,-69.94681364,-71.40687944,-72.87253504
296.49433,-69.88219638,-71.33867263,-72.85150649
297.498467,-69.79702574,-71.26073779,-72.83184796
298.502604,-69.74520224,-71.17382453,-72.74803943
299.506742,-69.67390434,-71.09918316,-72.72267147
300.510879,-69.26066888,-71.02343715,-72.64989641
301.496759,-69.39388152,-70.96058025,-72.63632409
302.500896,-69.42580675,-70.89188535,-72.60004238
303.505033,-69.38637417,-70.81317601,-72.55269772
304.490914,-69.33448405,-70.73887706,-72.47784749
305.495051,-69.28193227,-70.68115213,-72.42975732
306.499188,-69.21919118,-70.60103786,-72.38290006
307.503325,-69.18416904,-70.54320787,-72.32514968
308.507462,-69.14240273,-70.47279573,-72.34069899
309.493343,-69.08580916,-70.40963699,-72.27878268
310.49748,-69.02160692,-70.35645242,-72.25195798
311.501617,-68.95200863,-70.30126661,-72.23428045
312.505754,-68.87684914,-70.23654234,-72.16600125
313.509891,-68.81514937,-70.20160763,-72.13072044
314.495772,-68.74210813,-70.15693004,-72.08989681
315.499909,-68.65807228,-70.10794674,-72.05569312
316.504046,-68.58939242,-70.05828785,-72.02505219
317.489926,-68.53233967,-70.02594379,-72.00800335
318.494063,-68.47863084,-69.97237742,-71.93367637
319.498201,-68.40462316,-69.93446113,-71.86275897
320.502338,-68.33409112,-69.89237867,-71.8083935
321.506475,-68.25938375,-69.84004941,-71.75808376
322.492355,-68.17690306,-69.79533048,-71.73414415
323.496492,-68.10599542,-69.72068363,-71.6736555
324.500629,-68.03587662,-69.67764359,-71.61486341
325.504767,-67.96472006,-69.62118822,-71.52543954
326.508904,-67.88194214,-69.55601085,-71.45392684
327.494784,-67.81382254,-69.47865406,-71.4064229
328.498921,-67.7460009,-69.40147429,-71.34788487
329.503058,-67.67030976,-69.31939651,-71.2910395
330.488939,-67.57863762,-69.25288943,-71.21123484
331.493076,-67.50843125,-69.15735621,-71.11542567
332.497213,-67.43083661,-69.06853646,-71.03616384
333.50135,-67.36871494,-68.98767589,-70.92188594
334.505487,-67.29541462,-68.88474975,-70.84316
335.491368,-67.22078069,-68.80335933,-70.74801698
336.495505,-67.14936202,-68.73174586,-70.64121431
337.499642,-67.10222701,-68.66226572,-70.54619084
338.503779,-67.04316033,-68.58835369,-70.44352141
339.507916,-66.98375577,-68.54405312,-70.37446199
340.493797,-66.9253882,-68.48995315,-70.31659281
341.497934,-66.85490112,-68.43168883,-70.25102261
342.502071,-66.79198861,-68.3792292,-70.1716184
343.506208,-66.73450195,-68.31965622,-70.107334
344.510345,-66.68398514,-68.26224631,-70.00955775
345.496226,-66.62819245,-68.19558339,-69.93671413
346.500363,-66.57682477,-68.12537298,-69.85303955
347.5045,-66.51528634,-68.05981302,-69.75952666
348.49038,-66.46880107,-68.02870893,-69.70441701
349.494517,-66.41876256,-67.97320927,-69.61432558
350.498654,-66.36505935,-67.94133265,-69.52105073
351.502792,-66.31806486,-67.90339446,-69.46472492
352.506929,-66.25534907,-67.84615394,-69.32498704
353.492809,-66.20117662,-67.79736828,-69.23588486
354.496946,-66.14620801,-67.75853394,-69.13660097
355.501083,-66.11974734,-67.7355379,-69.0063697
356.505221,-66.08157049,-67.69795866,-68.88899123
357.509358,-66.03668975,-67.66702948,-68.7633768
358.495238,-66.00168342,-67.64002228,-68.65594561
359.499375,-65.9594914,-67.60909934,-68.53500006
360.503512,-65.91773161,-67.57645863,-68.44247598
361.489393,-65.88333744,-67.54551098,-68.34710308
362.49353,-65.83783051,-67.50672629,-68.26528368
363.497667,-65.80818261,-67.46240653,-68.18975628
364.501804,-65.75901411,-67.42447118,-68.11155846
365.505941,-65.7316664,-67.37901774,-68.02828162
366.491822,-65.7050164,-67.33892903,-67.93620531
367.495959,-65.65801492,-67.29271222,-67.83596341
368.500096,-65.62923532,-67.24940855,-67.78399775
369.504233,-65.60551593,-67.21278393,-67.70839469
370.50837,-65.5638353,-67.1382081,-67.60677561
371.494251,-65.52200449,-67.11157958,-67.51137945
372.498388,-65.4684183,-67.059115,-67.42110329
373.502525,-65.42828098,-67.02190769,-67.33044333
374.506662,-65.38981052,-66.97282622,-67.24284114
375.510799,-65.35376785,-66.92846697,-67.16606415
376.496679,-65.32827419,-66.87530153,-67.08966583
377.500817,-65.30116185,-66.83290183,-67.0163009
378.504954,-65.28394834,-66.77347614,-66.93961591
379.490834,-65.25691511,-66.73528641,-66.84813933
380.494971,-65.21280695,-66.67906552,-66.74197717
381.499108,-65.17515623,-66.62780101,-66.65806621
382.503246,-65.14536322,-66.59049551,-66.56363551
383.507383,-65.12128547,-66.54932538,-66.50311064
384.493263,-65.09322818,-66.48682171,-66.43775203
385.4974,-65.06489943,-66.43463468,-66.34927176
386.501537,-65.04328818,-66.3899652,-66.27885486
387.505675,-65.0155538,-66.32435949,-66.211277
388.509812,-65.00555261,-66.28848735,-66.11396933
389.495692,-64.97852612,-66.23051326,-66.040287
390.499829,-64.93675619,-66.20385077,-65.9684284
391.503966,-64.9105358,-66.15310163,-65.91048791
392.489847,-64.87449491,-66.09891018,-65.82066166
393.493984,-64.84622084,-66.06481631,-65.7689748
394.498121,-64.80529517,-66.04567295,-65.74219728
395.502258,-64.78668504,-66.02969252,-65.6833182
396.506395,-64.75638848,-66.00926297,-65.62720643
397.492276,-64.73400517,-65.98968425,-65.59155905
398.496413,-64.71398726,-65.9662556,-65.51825317
399.50055,-64.67800006,-65.96523535,-65.45708226
400.504687,-64.64597445,-65.94920949,-65.39796424
401.508824,-64.60853245,-65.93993515,-65.35574229
402.494704,-64.55195245,-65.92261345,-65.31299523
403.498842,-64.50467549,-65.90762434,-65.2778173
404.502979,-64.45381127,-65.90289497,-65.2411139
405.488859,-64.40535582,-65.88248503,-65.19442808
406.492996,-64.37082877,-65.88031897,-65.16632443
407.497133,-64.34305442,-65.84763671,-65.11840971
408.501271,-64.34320954,-65.78982964,-65.08051282
409.505408,-64.32969578,-65.76088184,-65.05448015
410.491288,-64.306846,-65.73954637,-65.03214024
411.495425,-64.28487307,-65.70215347,-65.03550611
412.499562,-64.25541191,-65.6756869,-65.01986849
413.5037,-64.23718436,-65.62638832,-65.02212689
414.507837,-64.21147008,-65.57464494,-65.01961476
415.493717,-64.18695036,-65.52709519,-65.03646255
416.497854,-64.1547128,-65.49704281,-65.03343753
417.501991,-64.12453438,-65.42215079,-65.03206884
418.506129,-64.09553937,-65.43600706,-65.05732978
419.510266,-64.06573899,-65.35460536,-65.06541093
420.496146,-64.03249296,-65.31854271,-65.09174424
421.500283,-64.00307093,-65.35772778,-65.08475099
422.50442,-63.96662776,-65.23567579,-65.06967754
423.490301,-63.94278505,-65.22606489,-65.05997533
424.494438,-63.92151916,-65.1868086,-65.07193946
425.498575,-63.88812299,-65.23506937,-65.05709348
426.502712,-63.85732048,-65.11717612,-65.06751506
427.506849,-63.84276543,-65.22283926,-65.07193195
428.492729,-63.81992612,-65.2548663,-65.09236326
429.496867,-63.8154019,-65.25894881,-65.1051976
430.501004,-63.7902643,-65.27450694,-65.10696281
431.505141,-63.77252983,-65.22560259,-65.10395572
432.509278,-63.76256425,-65.27541003,-65.10948858
433.495158,-63.74518322,-65.22724981,-65.10030668
434.499296,-63.73532008,-65.20524762,-65.11419433
435.50343,-63.71929218,-65.17266288,-65.11065992
436.489313,-63.70349749,-65.17198884,-65.11536808
437.49345,-63.69832441,-65.22348047,-65.1238008
438.497587,-63.69098105,-65.20200134,-65.13604408
439.501725,-63.68808595,-65.2252333,-65.13589695
440.505862,-63.69301081,-65.22636745,-65.17108881
441.491742,-63.70176006,-65.23423478,-65.17229512
442.495879,-63.71772574,-65.23159643,-65.19256324
443.500016,-63.73829853,-65.25481133,-65.22671301
444.504154,-63.75566966,-65.27640076,-65.245063
445.508291,-63.78419538,-65.27763427,-65.27767975
446.494171,-63.80183355,-65.30405278,-65.29754282
447.498308,-63.82658928,-65.33391501,-65.32410225
448.502445,-63.864382,-65.33968982,-65.32892977
449.506583,-63.8970094,-65.35968662,-65.3254259
450.51072,-63.94496397,-65.37257273,-65.34771535
451.4966,-63.99736921,-65.3844041,-65.37967783
452.500737,-64.05874986,-65.40092089,-65.36119178
453.504874,-64.10289282,-65.42480297,-65.40773688
454.490754,-64.15725935,-65.4646156,-65.42199496
455.494892,-64.19170767,-65.48973429,-65.46188299
456.499029,-64.23607822,-65.51060795,-65.4806697
457.503166,-64.27885028,-65.53529466,-65.52149468
458.507303,-64.33034426,-65.56753322,-65.53600988
459.493183,-64.37587402,-65.58478209,-65.55031827
460.497321,-64.42489042,-65.60526961,-65.58413383
461.501458,-64.47983049,-65.64482418,-65.58559488
462.505595,-64.51776036,-65.64895009,-65.61161788
463.509732,-64.5570202,-65.67049634,-65.62053721
464.495612,-64.58963907,-65.68836157,-65.62131416
465.49975,-64.63831248,-65.71627855,-65.63798703
466.503887,-64.68433324,-65.74277797,-65.6458633
467.489767,-64.72060987,-65.75871431,-65.66528246
468.493904,-64.75202119,-65.78851397,-65.67132858
469.498041,-64.78738966,-65.79482795,-65.67891032
470.502179,-64.79836634,-65.84011112,-65.69523989
471.506316,-64.82008245,-65.83099887,-65.69911776
472.492196,-64.8423662,-65.8220935,-65.71083485
473.496333,-64.85766295,-65.81817733,-65.73931167
474.50047,-64.88801443,-65.83948439,-65.75022361
475.504608,-64.90401244,-65.81460113,-65.78042521
476.508745,-64.92461953,-65.8553838,-65.79156496
477.494625,-64.96095041,-65.84518646,-65.82301781
478.498762,-64.99163057,-65.87312526,-65.81653453
479.502899,-65.01553376,-65.86058938,-65.83602729
480.507037,-65.0522205,-65.88375439,-65.83323985
481.511174,-65.07884703,-65.89935781,-65.83015674
482.497054,-65.11861913,-65.91468845,-65.84591916
483.501191,-65.13600327,-65.89157702,-65.84111911
484.505328,-65.15414489,-65.96509417,-65.84920888
485.491208,-65.18801916,-65.88411123,-65.85782324
486.495346,-65.20567173,-65.95702935,-65.86821089
487.499483,-65.24384094,-65.93740048,-65.89650922
488.50362,-65.26132956,-65.96589435,-65.90717219
489.507757,-65.30207037,-65.99319016,-65.91603936
490.493637,-65.32179361,-65.99895851,-65.92557488
491.497775,-65.36308303,-65.98449588,-65.94610547
492.501912,-65.41065058,-66.03884399,-65.96414636
493.506049,-65.45463753,-65.9503285,-65.98222161
494.510186,-65.49697167,-66.09858202,-66.01506419
495.496066,-65.53176228,-66.03228339,-66.03305763
496.500204,-65.56545399,-66.19397064,-66.0672339
497.504341,-65.61079639,-66.3031765,-66.12043491
498.490221,-65.64721695,-66.3565736,-66.15814099
499.494358,-65.68974106,-66.40401557,-66.20620756
500.498495,-65.73337825,-66.46972332,-66.24848587
501.502633,-65.75788837,-66.51372524,-66.29321183
502.50677,-65.79695798,-66.55717951,-66.32705745
503.49265,-65.81194428,-66.595953,-66.3622391
504.496787,-65.84515402,-66.64945322,-66.407482
505.500924,-65.87819918,-66.67672458,-66.4289578
506.505062,-65.90869212,-66.70820148,-66.46065889
507.509199,-65.93301252,-66.73859147,-66.48832537
508.495079,-65.95429546,-66.77056418,-66.50490622
509.499216,-65.99121677,-66.79249812,-66.5253679
510.503353,-66.01735866,-66.82732269,-66.55590932
511.489233,-66.04855238,-66.83211922,-66.6042326
512.493371,-66.07738264,-66.86292453,-66.63770892
513.497508,-66.1137874,-66.8790603,-66.64651147
514.501645,-66.13589715,-66.91046531,-66.66003823
515.505782,-66.16474091,-66.93071681,-66.66459876
516.491662,-66.18740804,-66.97291662,-66.68868196
517.4958,-66.22756094,-67.00273631,-66.71765801
518.499937,-66.26383978,-67.02349771,-66.72757911
519.504074,-66.29010269,-67.07131598,-66.74245767
520.508211,-66.32940235,-67.10059588,-66.7782732
521.494091,-66.37676462,-67.14291224,-66.79284683
522.498229,-66.42599518,-67.19170872,-66.79530364
523.502366,-66.45349371,-67.21532395,-66.81242062
524.506503,-66.4870354,-67.26958435,-66.83245
525.51064,-66.52754927,-67.30938411,-66.84426034
526.49652,-66.57136773,-67.33307861,-66.86572967
527.500658,-66.6118301,-67.34746367,-66.88849306
528.504795,-66.64814864,-67.39376102,-66.91436723
529.490675,-66.68752929,-67.39456203,-66.94087804
530.494812,-66.73718765,-67.42835491,-66.96364123
531.498949,-66.78831129,-67.44999799,-66.99499056
532.503087,-66.85573362,-67.47987117,-67.0027799
533.507224,-66.93499824,-67.50467584,-67.0271896
534.493104,-67.02213943,-67.5212424,-67.0556161
535.497241,-67.08895371,-67.55374782,-67.09196911
536.501378,-67.14974567,-67.58067146,-67.14131552
537.505516,-67.2134898,-67.59895145,-67.17372691
538.509653,-67.27813674,-67.62344544,-67.22918595
539.495533,-67.32910222,-67.64063943,-67.28042689
540.49967,-67.39100499,-67.64520275,-67.32145889
541.503807,-67.44288968,-67.67321961,-67.3512604
542.489687,-67.52165518,-67.67886578,-67.38392792
543.493825,-67.58101036,-67.70444726,-67.42321872
544.497962,-67.6602504,-67.73580891,-67.46733423
545.502099,-67.71666977,-67.77499048,-67.50731495
546.506236,-67.76898504,-67.81919983,-67.5609681
547.492116,-67.81830746,-67.85534825,-67.61958288
548.496254,-67.88137014,-67.88852603,-67.67008302
549.500391,-67.93553471,-67.90624176,-67.72838512
550.504528,-67.98589147,-67.93341601,-67.77813933
551.508665,-68.03303508,-67.95342806,-67.77436138
552.494545,-68.06842552,-67.99102757,-67.81830171
553.498683,-68.11291259,-68.02491817,-67.83735679
554.50282,-68.17017724,-68.06510537,-67.90769807
555.506957,-68.19903121,-68.11722708,-67.92907652
556.511094,-68.24865201,-68.16099627,-67.99504618
557.496974,-68.27985973,-68.22528895,-68.00865284
558.501112,-68.32027015,-68.2638667,-68.04416986
559.505249,-68.3627182,-68.32734412,-68.10280628
560.491129,-68.42585455,-68.34822373,-68.16080388
561.495266,-68.4704937,-68.39637948,-68.2172865
562.499403,-68.53940567,-68.42971184,-68.2780457
563.503541,-68.60038542,-68.49383008,-68.34566585
564.507678,-68.65451473,-68.52978245,-68.40926098
565.493558,-68.70262143,-68.60247622,-68.44695743
566.497695,-68.78683406,-68.61296962,-68.50519487
567.501832,-68.85926518,-68.66460411,-68.56557278
568.505969,-68.91700314,-68.64250834,-68.61856123
569.510107,-68.9587775,-68.70725347,-68.68535891
570.495987,-69.00808782,-68.68329834,-68.75230079
571.500124,-69.02558898,-68.62512376,-68.80157621
572.504261,-69.04707315,-68.64884915,-68.8511797
573.490141,-69.09161839,-68.74551807,-68.89002802
574.494279,-69.13591788,-68.84472266,-68.92960601
575.498416,-69.1725241,-68.96557031,-68.98246117
576.502553,-69.21506834,-68.97980443,-69.01680997
577.50669,-69.25293797,-69.04175795,-69.04971745
578.49257,-69.27987777,-69.08880493,-69.10303949
579.496708,-69.31837423,-69.14549797,-69.12882452
580.500845,-69.34793407,-69.20193188,-69.16020654
581.504982,-69.39017361,-69.23904784,-69.17068167
582.509119,-69.46364086,-69.26348521,-69.21727494
583.494999,-69.51947384,-69.33807548,-69.25851257
584.499137,-69.59427819,-69.35210175,-69.30598124
585.503274,-69.66931131,-69.41265266,-69.35866331
586.489154,-69.74510535,-69.45393302,-69.38061697
587.493291,-69.80904539,-69.56567442,-69.45820008
588.497428,-69.86690587,-69.62639318,-69.50692313
589.501566,-69.92330001,-69.58452138,-69.56715726
590.505703,-69.99509829,-69.57087019,-69.62471658
591.491583,-70.04551355,-69.65966384,-69.65276312
592.49572,-70.09697546,-69.66320327,-69.66325688
593.499857,-70.14717849,-69.74560884,-69.73518221
594.503994,-70.19173327,-69.72061639,-69.78351637
595.508132,-70.25047542,-69.81603062,-69.83506667
596.494012,-70.30199929,-69.81210832,-69.87661328
597.498149,-70.36028124,-69.91950724,-69.93247267
598.502286,-70.40990602,-69.95102715,-69.97108247
599.506423,-70.45536647,-70.01418731,-70.02292947
600.510561,-70.4907964,-70.12878506,-70.05521711
601.496441,-70.53865769,-70.14296975,-70.16172758
602.500578,-70.59103888,-70.275072,-70.24582128
603.504715,-70.64715908,-70.26207129,-70.29610191
604.490595,-70.7102389,-70.39075803,-70.33621111
605.494733,-70.77799882,-70.3816864,-70.39467207
606.49887,-70.8595097,-70.40045862,-70.44726156
607.503007,-70.94002446,-70.41366967,-70.47473206
608.507144,-71.01287113,-70.38015168,-70.49615333
609.493024,-71.06947532,-70.42000879,-70.54572127
610.497162,-71.14130445,-70.36388222,-70.60111026
611.501299,-71.21346939,-70.356751,-70.6383186
612.505436,-71.25707395,-70.34171187,-70.65104404
613.509573,-71.32607366,-70.31227195,-70.66331612
614.495453,-71.37936877,-70.34971784,-70.70070703
615.499591,-71.45007401,-70.37064478,-70.74259353
616.503728,-71.52564347,-70.56705404,-70.75377481
617.489608,-71.60437185,-70.54573197,-70.79502773
618.493745,-71.68402622,-70.60590689,-70.82942583
619.497882,-71.71941071,-70.60538003,-70.85260382
620.502019,-71.78215604,-70.65098087,-70.85301736
621.506157,-71.86683784,-70.6490773,-70.89753307
622.492037,-71.95819842,-70.6842004,-70.91835263
623.496174,-72.05194188,-70.7290818,-70.93388792
624.500311,-72.1674139,-70.73375196,-70.94970113
625.504448,-72.25666135,-70.70943878,-70.94253723
626.508586,-72.36718825,-70.67888505,-71.00249791
627.494466,-72.45720488,-70.78370223,-71.01526162
628.498603,-72.52931995,-70.75418618,-71.04837867
629.50274,-72.61584107,-70.79639573,-71.03805027
630.506877,-72.69445262,-70.87604525,-71.07342307
631.511015,-72.80347881,-70.80203229,-71.11597624
632.496895,-72.88007612,-70.85694565,-71.12249781
633.501032,-72.9688036,-70.82852043,-71.12745644
634.505169,-73.06020436,-70.87760752,-71.13958269
635.491049,-73.14869064,-70.86084528,-71.15633367
636.495187,-73.23056178,-70.94754944,-71.16281939
637.499324,-73.29190837,-70.82606838,-71.15588826
638.503461,-73.35354878,-70.83755461,-71.20202689
639.507598,-73.43785766,-70.74693866,-71.2034008
640.493478,-73.50393624,-70.75657798,-71.17541773
641.497616,-73.55148168,-70.72242255,-71.20075541
642.501753,-73.61719348,-70.75542455,-71.18748529
643.50589,-73.65346859,-70.71853149,-71.18685819
644.510027,-73.72607042,-70.73064152,-71.17202402
645.495907,-73.78375442,-70.70012921,-71.19788985
646.500044,-73.85941513,-70.84304223,-71.20436099
647.504182,-73.92573577,-70.82357945,-71.19565845
648.490062,-73.99860451,-70.99422766,-71.1851179
649.494199,-74.10848227,-71.0335258,-71.20234204
650.498336,-74.18487462,-71.11241443,-71.2041233
651.502473,-74.27028746,-71.22092162,-71.21968017
652.506611,-74.3278027,-71.23667686,-71.2115885
653.492491,-74.40479875,-71.29576856,-71.23427074
654.496628,-74.47809575,-71.23910105,-71.24689368
655.500765,-74.53693329,-71.30652167,-71.24476818
656.504902,-74.59964505,-71.32957158,-71.28118545
657.50904,-74.68288156,-71.4170871,-71.28700865
658.49492,-74.74955789,-71.38425542,-71.25742701
659.499057,-74.82486319,-71.25821863,-71.27000996
660.503194,-74.91075399,-71.29325024,-71.3113561
661.489074,-75.00086082,-71.36901894,-71.30106685
662.493212,-75.08362124,-71.34470699,-71.35527509
663.497349,-75.16342758,-71.37978018,-71.35106897
664.501486,-75.22610273,-71.36978768,-71.33908265
665.505623,-75.3230529,-71.4970515,-71.29219908
666.491503,-75.41402134,-71.54534426,-71.30458284
667.495641,-75.51628838,-71.59089773,-71.35964201
668.499778,-75.61970199,-71.64203999,-71.3391023
669.503915,-75.75317856,-71.6189909,-71.32413095
670.508052,-75.84351978,-71.65195308,-71.36801623
671.493932,-75.92285512,-71.70585606,-71.35094195
672.498069,-76.01395398,-71.71664923,-71.4281228
673.502207,-76.10279808,-71.77426119,-71.50534752
674.506344,-76.20634542,-71.7926635,-71.54115389
675.510481,-76.30299533,-71.76571878,-71.57988374
676.496361,-76.39574423,-71.79722226,-71.5996106
677.500498,-76.48513042,-71.80401806,-71.61944415
678.504636,-76.57438986,-71.88478719,-71.63607214
679.490516,-76.65760148,-71.88430267,-71.6529089
680.494653,-76.76197792,-71.88674733,-71.68997713
681.49879,-76.86793257,-71.93755557,-71.74360033
682.502927,-76.95233122,-71.94819468,-71.80603509
683.507065,-77.04720252,-71.99777398,-71.82327803
684.492945,-77.12930369,-71.97455051,-71.85954468
685.497082,-77.21964879,-71.94642339,-71.88890529
686.501219,-77.27204053,-71.92795604,-71.97371519
687.505356,-77.36249252,-71.97328916,-72.02416885
688.509494,-77.46449398,-72.0381757,-72.0674585
689.495374,-77.54082894,-71.98561827,-72.10412911
690.499511,-77.60919299,-72.01475069,-72.11351504
691.503648,-77.69883891,-72.07929045,-72.18551548
692.489528,-77.76642023,-72.05437703,-72.19426412
693.493666,-77.86680988,-72.06841398,-72.21367174
694.497803,-77.95829826,-72.16460597,-72.21972972
695.50194,-78.05577006,-72.18188747,-72.27610332
696.506077,-78.12904136,-72.28121157,-72.30125008
697.491957,-78.19553579,-72.28303783,-72.31081854
698.496094,-78.26332109,-72.38449551,-72.35436058
699.500232,-78.32161147,-72.40022615,-72.38281159
700.504369,-78.3800037,-72.67541673,-73.39404665
701.508506,-78.47509243,-72.67285703,-73.39557137
702.494386,-78.54796972,-72.67224818,-73.45615877
703.498523,-78.62401334,-72.67163932,-73.51674617
704.502661,-78.70818873,-72.66887852,-73.5367086
705.506798,-78.79518032,-72.66611772,-73.55667102
706.510935,-78.86769932,-72.65854667,-73.59298222
707.496815,-78.93838205,-72.65097562,-73.62929342
708.500952,-79.02270246,-72.64514195,-73.63766065
709.50509,-79.11974326,-72.63930828,-73.64602787
710.49097,-79.17220505,-72.63369566,-73.66822656
711.495107,-79.23977204,-72.62808304,-73.69042525
712.499244,-79.31237641,-72.62534018,-73.6912954
713.503381,-79.34824748,-72.62259731,-73.69216555
714.507519,-79.4307549,-72.61129641,-73.69394222
715.493399,-79.49356526,-72.59999551,-73.69571889
716.497536,-79.57585394,-72.59588229,-73.7017783
717.501673,-79.62311754,-72.59176907,-73.70783771
718.50581,-79.69470495,-72.58744416,-73.74979405
719.509948,-79.80671902,-72.58311924,-73.79175039
720.495828,-79.87685611,-72.57436435,-73.96073304
721.499965,-79.93920891,-72.56560946,-74.1297157
722.504102,-80.00145437,-72.54882913,-74.21375501
723.489982,-80.07486144,-72.5320488,-74.29779433
724.494119,-80.13806798,-72.52176338,-74.3346523
725.498257,-80.22156605,-72.51147796,-74.37151026
726.502394,-80.3058069,-72.51125745,-74.40801585
727.506531,-80.44955455,-72.51103694,-74.44452144
728.492411,-80.49464868,-72.50191708,-74.48149276
729.496548,-80.58482585,-72.51103694,-74.51846408
730.500686,-80.69372576,-72.51125745,-74.58116993
731.504823,-80.75156324,-72.51147796,-74.64387577
732.50896,-80.84419309,-72.52176338,-74.75132253
733.49484,-80.93262949,-72.5320488,-74.85876929
734.498977,-80.99988059,-72.54882913,-74.86766964
735.503115,-81.08986096,-72.56560946,-74.87656998
736.488995,-81.14888177,-72.57436435,-74.94909038
737.493132,-81.26413327,-72.58311924,-75.02161079
738.497269,-81.3343185,-72.58744416,-75.03883956
739.501406,-81.36284364,-72.58311924,-75.05606833
740.505544,-81.47634069,-72.57436435,-75.07847695
741.491424,-81.56350806,-72.56560946,-75.10088556
742.495561,-81.60962279,-72.54882913,-75.10178198
743.499698,-81.71699373,-72.5320488,-75.1026784
744.503835,-81.80672734,-72.52176338,-75.10750768
745.507973,-81.85801438,-72.51147796,-75.11233697
746.493853,-81.98174885,-72.51125745,-75.14067677
747.49799,-82.17634271,-72.51103694,-75.16901657
748.502127,-82.29711817,-72.50191708,-75.17748329
749.506264,-82.36840611,-72.49279723,-75.18595001
750.510402,-82.44693571,-72.48543751,-75.19676725
751.496282,-82.57530139,-72.48543751,-75.21262552
752.500419,-82.63916633,-72.48543751,-75.23179813
753.504556,-82.72303336,-72.46627936,-75.25425031
754.490436,-82.80870254,-72.4470826,-75.2831231
755.494573,-82.88991766,-72.43640798,-75.3048391
756.498711,-82.9990906,-72.41692443,-75.32180858
757.502848,-83.11915403,-72.3900285,-75.34366677
758.506985,-83.2391735,-72.37719843,-75.39208249
759.492865,-83.37236714,-72.36279463,-75.46399016
760.497002,-83.42062463,-72.34782626,-75.49659775
761.50114,-83.56660373,-72.36279463,-75.5218775
762.505277,-83.68025997,-72.36279463,-75.55512527
763.509414,-83.75249005,-72.37719843,-75.57643294
764.495294,-83.88819254,-72.3900285,-75.588792
765.499431,-83.91267104,-72.41692443,-75.59965813
766.503569,-84.06754992,-72.43640798,-75.61530403
767.489449,-84.12900573,-72.45888102,-75.62317061
768.493586,-84.24469208,-72.49455736,-75.63462624
769.497723,-84.29641077,-72.51125745,-75.65029728
770.50186,-84.38652292,-72.51125745,-75.66172706
771.505998,-84.55127683,-72.51125745,-75.67321591
772.491878,-84.68537267,-72.47977474,-75.70933086
773.496015,-84.81481575,-72.44082213,-75.75897173
774.500152,-84.90205504,-72.4208081,-75.78142419
775.504289,-84.99605047,-72.40460082,-75.83181431
776.508427,-85.09899873,-72.3900285,-75.89878287
777.494307,-85.22927525,-72.36493605,-75.91954616
778.498444,-85.27997958,-72.34782626,-75.94360481
779.502581,-85.39320042,-72.26354563,-75.99269197
780.506718,-85.57766719,-72.1566804,-76.0247546
781.510855,-85.67622311,-72.0611566,-76.0390677
782.496736,-85.81085195,-71.98897679,-76.06686467
783.500873,-85.86874117,-71.98897679,-76.08888053
784.50501,-85.98823952,-71.98897679,-76.10515815
785.49089,-86.10481263,-71.98897679,-76.10515815
786.495027,-86.16369904,-71.97813147,-76.1292536
787.499165,-86.2026108,-71.97813147,-76.15765292
788.503302,-86.21115219,-71.97813147,-76.18381326
789.507439,-86.27461204,-71.96331582,-76.21459296
790.493319,-86.37553698,-71.96331582,-76.26028276
791.497456,-86.41015014,-71.96331582,-76.28748606
792.501594,-86.4887647,-71.96331582,-76.31344679
793.505731,-86.56635883,-71.96331582,-76.36985729
794.509868,-86.65843733,-71.96331582,-76.41357994
795.495748,-86.75211822,-71.96331582,-76.42274734
796.499885,-86.8361543,-71.95133384,-76.43490465
797.504023,-86.87009204,-71.89930846,-76.43490465
798.489903,-86.99855491,-71.84859141,-76.43490465
799.49404,-87.03623856,-71.84141511,-76.43490465
800.498177,-87.181318,-71.83283069,-76.43490465
801.502314,-87.21575016,-71.79322136,-76.43490465
802.506452,-87.23063313,-71.74616333,-76.45012962
803.492332,-87.30847564,-71.72111455,-76.45012962
804.496469,-87.48218155,-71.67601986,-76.45012962
805.500606,-87.48011454,-71.63688568,-76.45012962
806.504743,-87.56540457,-71.59833732,-76.46000995
807.50888,-87.61333921,-71.51467966,-76.46000995
808.494761,-87.67304776,-71.45310689,-76.46777947
809.498898,-87.7655249,-71.44085092,-76.46777947
810.503035,-87.81737533,-71.43061354,-76.46777947
811.488915,-87.78707811,-71.43061354,-76.46777947
812.493052,-87.94066301,-71.43061354,-76.46777947
813.49719,-88.07043919,-71.43061354,-76.46777947
814.501327,-88.00930202,-71.43061354,-76.46777947
815.505464,-88.07426542,-71.43061354,-76.46777947
816.491344,-88.20446473,-71.43061354,-76.46777947
817.495481,-88.09142182,-71.44085092,-76.46777947
818.499619,-88.12423082,-71.47493452,-76.46777947
819.503756,-88.11604638,-71.56958094,-76.46777947
820.507893,-88.24598346,-71.63688568,-76.46777947
821.493773,-88.17012787,-71.67601986,-76.46777947
822.49791,-88.37611918,-71.71219596,-76.46777947
823.502048,-88.47828517,-71.72363117,-76.46777947
824.506185,-88.48037063,-71.72363117,-76.46777947
825.510322,-88.43774601,-71.72363117,-76.46777947
826.496202,-88.69549692,-71.72363117,-76.46777947
827.500339,-88.66254574,-71.71219596,-76.46777947
828.504477,-88.72735852,-71.67054515,-76.47370561
829.490357,-88.89397865,-71.61981921,-76.47370561
830.494494,-88.57372263,-71.55798917,-76.47370561
831.498631,-89.05048232,-71.49337704,-76.47370561
832.502768,-88.92001343,-71.46056066,-76.47871576
833.506905,-88.9034667,-71.44085092,-76.48024625
834.492786,-89.0617276,-71.43061354,-76.48024625
835.496923,-89.10487774,-71.40420815,-76.48024625
836.50106,-89.11478749,-71.35014173,-76.47871576
837.505197,-89.07392183,-71.30767481,-76.47002361
838.509334,-89.16031163,-71.2492361,-76.45785871
839.495215,-89.11847953,-71.19066699,-76.45012962
840.499352,-89.20903965,-71.19066699,-76.45785871
841.503489,-89.39188384,-71.19066699,-76.47002361
842.489369,-89.31208097,-71.19066699,-76.47871576
843.493506,-89.4188533,-71.19066699,-76.48024625
844.497644,-89.47292633,-71.19066699,-76.48539288
845.501781,-89.46882059,-71.19066699,-76.48539288
846.505918,-89.45806455,-71.19066699,-76.48539288
847.491798,-89.54179175,-71.19066699,-76.48539288
848.495935,-89.69116049,-71.19066699,-76.48539288
849.500073,-89.62326467,-71.19066699,-76.48539288
850.50421,-89.95580812,-71.19066699,-76.48539288
851.508347,-89.82129141,-71.19066699,-76.48539288
852.494227,-89.75798165,-71.19066699,-76.48539288
853.498364,-89.86020202,-71.19066699,-76.48539288
854.502502,-89.8835615,-71.19066699,-76.48024625
855.506639,-89.81197452,-71.19066699,-76.48024625
856.510776,-89.84334543,-71.19066699,-76.47871576
857.496656,-89.87331857,-71.19066699,-76.47002361
858.500793,-90.00267727,-71.19066699,-76.45785871
859.50493,-89.83450247,-71.19066699,-76.43225496
860.490811,-89.6194108,-71.19066699,-76.40155895
861.494948,-90.10727151,-71.17964052,-76.39065067
862.499085,-89.72605022,-71.16389348,-76.38766275
863.503222,-90.19481274,-71.14113914,-76.38071157
864.507359,-89.91754811,-71.09798483,-76.37086552
865.49324,-89.91694092,-71.06282614,-76.36642467
866.497377,-90.05315493,-71.06282614,-76.36232655
867.501514,-90.09050843,-71.06282614,-76.35661769
868.505651,-90.38748748,-71.06282614,-76.35426817
869.509788,-90.18575075,-71.06282614,-76.35253229
870.495669,-90.29980726,-71.06282614,-76.34305274
871.499806,-90.18788756,-71.06282614,-76.33466884
872.503943,-90.50688901,-71.06282614,-76.33393873
873.489823,-90.25434036,-71.06282614,-76.32348097
874.49396,-90.49696904,-71.06282614,-76.311696
875.498098,-90.4844932,-71.06282614,-76.30023843
876.502235,-90.63399186,-71.06282614,-76.28772148
877.506372,-90.27893716,-71.06282614,-76.28196211
878.492252,-90.41763637,-71.06282614,-76.27260871
879.496389,-90.61383798,-71.05994513,-76.26581928
880.500527,-90.58471069,-71.05562072,-76.2594864
881.504664,-90.63231265,-71.05562072,-76.25215478
882.508801,-90.45448881,-71.05244737,-76.24838602
883.494681,-90.53026416,-71.03721646,-76.24555325
884.498818,-90.66751279,-71.00554477,-76.24555325
885.502955,-90.63397093,-70.97742092,-76.24838602
886.488836,-90.55053773,-70.96989973,-76.24555325
887.492973,-90.79566667,-70.96989973,-76.24295305
888.49711,-90.64035711,-70.95768877,-76.23641154
889.501247,-90.80344986,-70.94747849,-76.22566575
890.505384,-90.63870995,-70.93603186,-76.21851443
891.491265,-90.3998397,-70.91675905,-76.21717861
892.495402,-90.91636166,-70.88913221,-76.21031773
893.499539,-90.73820082,-70.83950061,-76.203669
894.503676,-90.95092472,-70.77516893,-76.20157132
895.507813,-90.82903726,-70.69684876,-76.18674409
896.493694,-90.83997348,-70.64526859,-76.16804934
897.497831,-90.68471307,-70.63048392,-76.15989356
898.501968,-91.11513135,-70.63048392,-76.15989356
899.506105,-90.91130074,-70.63048392,-76.15989356
900.510242,-90.88138332,-70.63048392,-76.15989356
901.496123,-90.54645801,-70.63048392,-76.15989356
902.50026,-90.82373218,-70.63048392,-76.15712863
903.504397,-90.98264417,-70.63048392,-76.15392529
904.490277,-90.7603062,-70.63048392,-76.14406993
905.494414,-91.26605167,-70.63048392,-76.13323272
906.498552,-91.15493996,-70.63048392,-76.1261666
907.502689,-90.83531861,-70.63048392,-76.11869201
908.506826,-90.81172079,-70.63048392,-76.10943642
909.492706,-90.7672705,-70.63048392,-76.09419291
910.496843,-90.71183188,-70.63048392,-76.07550215
911.50098,-90.52812243,-70.63048392,-76.07550215
912.505118,-90.67626778,-70.64166283,-76.07550215
913.509255,-90.30732152,-70.64166283,-76.07550215
914.495135,-90.35018336,-70.64166283,-76.07550215
915.499272,-90.7155698,-70.64166283,-76.07550215
916.503409,-91.03896711,-70.64166283,-76.07550215
917.48929,-90.42988434,-70.63375214,-76.07550215
918.493427,-90.92083032,-70.62460698,-76.07550215
919.497564,-90.53270975,-70.61229969,-76.07550215
920.501701,-90.66492349,-70.60796601,-76.07550215
921.505838,-91.12243197,-70.59649751,-76.07550215
922.491719,-90.68053981,-70.5873738,-76.07550215
923.495856,-90.9069481,-70.57439036,-76.07550215
924.499993,-91.01669133,-70.52136404,-76.07550215
925.50413,-90.00841202,-70.47167831,-76.06682233
926.508267,-90.56639791,-70.45613681,-76.05961726
927.494148,-90.65098941,-70.44747294,-76.0438305
928.498285,-90.73578836,-70.43746817,-76.02413289
929.502422,-90.95556888,-70.42436127,-76.01331548
930.506559,-90.74718362,-70.41955972,-76.01021589
931.510696,-91.29240725,-70.41739811,-76.00202322
932.496577,-91.30700008,-70.41572605,-75.98695912
933.500714,-90.6666204,-70.39107053,-75.9551984
934.504851,-91.06095657,-70.3671626,-75.90771143
935.490731,-91.09813483,-70.36122852,-75.87772705
936.494868,-91.02201691,-70.35250172,-75.85576357
937.499005,-90.78470378,-70.3470481,-75.81925518
938.503143,-90.69297151,-70.32704612,-75.76717133
939.50728,-90.68805851,-70.25274301,-75.70036844
940.49316,-89.99519788,-70.16583558,-75.6387546
941.497297,-91.09584525,-70.11826066,-75.59394921
942.501434,-90.44929214,-70.09238933,-75.52372566
943.505572,-90.84859987,-70.09238933,-75.4439351
944.509709,-90.5817585,-70.09238933,-75.38001934
945.495589,-90.9287444,-70.09238933,-75.30778563
946.499726,-90.79527282,-70.09238933,-75.19611583
947.503863,-90.78637531,-70.09238933,-75.06450972
948.489744,-90.86455923,-70.09238933,-75.00841223
949.493881,-90.74486225,-70.09238933,-74.99015027
950.498018,-90.86205968,-70.09238933,-74.88529798
951.502155,-90.62962396,-70.10068882,-74.79731927
952.506292,-90.94006824,-70.11826066,-74.76141788
953.492173,-91.12217374,-70.13583251,-74.72551649
954.49631,-90.99464263,-70.16583558,-74.71642147
955.500447,-91.26192497,-70.19583864,-74.70732645
956.504584,-90.83075863,-70.25274301,-74.69073274
957.508721,-90.31818038,-70.30964737,-74.67413903
958.494602,-90.63108221,-70.32704612,-74.66896841
959.498739,-90.81487455,-70.34444486,-74.66379778
960.502876,-91.09609092,-70.34989849,-74.63127503
961.507013,-90.44577636,-70.35535211,-74.59875228
962.51115,-91.09610646,-70.36122852,-74.59135873
963.497031,-90.94764569,-70.35535211,-74.58396518
964.501168,-90.87148678,-70.34989849,-74.57536693
965.505305,-90.86000427,-70.34444486,-74.56676868
966.491185,-90.66942479,-70.32704612,-74.54394988
967.495322,-90.73214729,-70.30964737,-74.52113109
968.499459,-90.95506573,-70.25274301,-74.49348686
969.503597,-90.7156496,-70.19583864,-74.46584264
970.507734,-90.81298811,-70.16583558,-74.42929107
971.493614,-90.86185899,-70.13583251,-74.39273949
972.497751,-90.79940518,-70.11826066,-74.37899833
973.501888,-90.7194128,-70.10068882,-74.36525717
974.506026,-90.86312523,-70.09238933,-74.34621618
975.510163,-90.65470317,-70.08408983,-74.32717519
976.496043,-90.82093224,-70.07691135,-74.25820387
977.50018,-90.67571532,-70.06973287,-74.18923255
978.504317,-90.62648358,-70.04958373,-74.18729671
979.490198,-90.55364416,-70.02943458,-74.18536087
980.494335,-90.82505164,-70.02421518,-74.11002652
981.498472,-90.35472604,-70.01899578,-74.03469218
982.502609,-90.81070812,-70.00423233,-73.9292659
983.506746,-90.61628707,-69.98946888,-73.82383961
984.492627,-90.80922122,-69.91557904,-73.80423688
985.496764,-90.81964932,-69.8416892,-73.78463415
986.500901,-89.13349482,-69.83755905,-73.7819671
987.505038,-88.78554314,-69.83342891,-73.77930004
988.509175,-88.36142208,-69.75919232,-73.74200067
989.495056,-88.73227817,-69.68495574,-73.70470129
990.499193,-88.271476,-69.75919232,-73.69291633
991.50333,-88.30364399,-69.83342891,-73.68113137
992.48921,-88.21327701,-69.83755905,-73.64962483
993.493347,-88.70342158,-69.8416892,-73.61811828
994.497484,-87.98974112,-69.91557904,-73.59713388
995.501622,-88.86861379,-69.98946888,-73.57614947
996.505759,-87.87074479,-70.00423233,-73.56273906
997.491639,-88.97277233,-70.01899578,-73.54932865
998.495776,-87.91983095,-70.02421518,-73.45091426
999.499913,-88.84822415,-70.02943458,-73.54932865
